{
  "transactions": [
    {
      "rpc": "https://sepolia.infura.io/v3/fb8a3fdc580f438f8b2f9f200d9fddc3"
    },
    {
      "rpc": "https://sepolia.infura.io/v3/fb8a3fdc580f438f8b2f9f200d9fddc3"
    },
    {
      "rpc": "https://sepolia.infura.io/v3/fb8a3fdc580f438f8b2f9f200d9fddc3"
    },
    {
      "rpc": "https://sepolia.infura.io/v3/fb8a3fdc580f438f8b2f9f200d9fddc3"
    },
    {
      "rpc": "https://sepolia.infura.io/v3/fb8a3fdc580f438f8b2f9f200d9fddc3"
    },
    {
      "rpc": "https://sepolia.infura.io/v3/fb8a3fdc580f438f8b2f9f200d9fddc3"
    }
  ]
}