{
  "_format": "ethers-rs-sol-cache-3",
  "paths": {
    "artifacts": "out",
    "build_infos": "out/build-info",
    "sources": "src",
    "tests": "test",
    "scripts": "script",
    "libraries": [
      "lib"
    ]
  },
  "files": {
    "lib/forge-std/src/Base.sol": {
      "lastModificationDate": 1719068532000,
      "contentHash": "ac34dc048311bd400c5c5351e7975438",
      "sourceName": "lib/forge-std/src/Base.sol",
      "solcConfig": {
        "settings": {
          "optimizer": {
            "enabled": true,
            "runs": 200
          },
          "metadata": {
            "bytecodeHash": "ipfs",
            "appendCBOR": true
          },
          "outputSelection": {
            "*": {
              "": [
                "ast"
              ],
              "*": [
                "abi",
                "evm.bytecode",
                "evm.deployedBytecode",
                "evm.methodIdentifiers",
                "metadata"
              ]
            }
          },
          "evmVersion": "paris",
          "libraries": {}
        }
      },
      "imports": [
        "lib/forge-std/src/StdStorage.sol",
        "lib/forge-std/src/Vm.sol"
      ],
      "versionRequirement": ">=0.6.2, <0.9.0",
      "artifacts": {
        "CommonBase": {
          "0.8.17+commit.8df45f5f.Windows.msvc": "Base.sol\\CommonBase.json"
        },
        "ScriptBase": {
          "0.8.17+commit.8df45f5f.Windows.msvc": "Base.sol\\ScriptBase.json"
        },
        "TestBase": {
          "0.8.17+commit.8df45f5f.Windows.msvc": "Base.sol\\TestBase.json"
        }
      }
    },
    "lib/forge-std/src/Script.sol": {
      "lastModificationDate": 1719068532000,
      "contentHash": "c4749ea7bff7642862a7ce9520fc21f2",
      "sourceName": "lib/forge-std/src/Script.sol",
      "solcConfig": {
        "settings": {
          "optimizer": {
            "enabled": true,
            "runs": 200
          },
          "metadata": {
            "bytecodeHash": "ipfs",
            "appendCBOR": true
          },
          "outputSelection": {
            "*": {
              "": [
                "ast"
              ],
              "*": [
                "abi",
                "evm.bytecode",
                "evm.deployedBytecode",
                "evm.methodIdentifiers",
                "metadata"
              ]
            }
          },
          "evmVersion": "paris",
          "libraries": {}
        }
      },
      "imports": [
        "lib/forge-std/src/Base.sol",
        "lib/forge-std/src/StdChains.sol",
        "lib/forge-std/src/StdCheats.sol",
        "lib/forge-std/src/StdJson.sol",
        "lib/forge-std/src/StdMath.sol",
        "lib/forge-std/src/StdStorage.sol",
        "lib/forge-std/src/StdStyle.sol",
        "lib/forge-std/src/StdUtils.sol",
        "lib/forge-std/src/Vm.sol",
        "lib/forge-std/src/console.sol",
        "lib/forge-std/src/console2.sol",
        "lib/forge-std/src/interfaces/IERC165.sol",
        "lib/forge-std/src/interfaces/IERC20.sol",
        "lib/forge-std/src/interfaces/IERC721.sol",
        "lib/forge-std/src/interfaces/IMulticall3.sol",
        "lib/forge-std/src/mocks/MockERC20.sol",
        "lib/forge-std/src/mocks/MockERC721.sol",
        "lib/forge-std/src/safeconsole.sol"
      ],
      "versionRequirement": ">=0.6.2, <0.9.0",
      "artifacts": {
        "Script": {
          "0.8.17+commit.8df45f5f.Windows.msvc": "Script.sol\\Script.json"
        }
      }
    },
    "lib/forge-std/src/StdAssertions.sol": {
      "lastModificationDate": 1719068532000,
      "contentHash": "b267c4cb8d5cd1c8560e4977f02cd92c",
      "sourceName": "lib/forge-std/src/StdAssertions.sol",
      "solcConfig": {
        "settings": {
          "optimizer": {
            "enabled": true,
            "runs": 200
          },
          "metadata": {
            "bytecodeHash": "ipfs",
            "appendCBOR": true
          },
          "outputSelection": {
            "*": {
              "": [
                "ast"
              ],
              "*": [
                "abi",
                "evm.bytecode",
                "evm.deployedBytecode",
                "evm.methodIdentifiers",
                "metadata"
              ]
            }
          },
          "evmVersion": "paris",
          "libraries": {}
        }
      },
      "imports": [
        "lib/forge-std/src/Vm.sol"
      ],
      "versionRequirement": ">=0.6.2, <0.9.0",
      "artifacts": {
        "StdAssertions": {
          "0.8.17+commit.8df45f5f.Windows.msvc": "StdAssertions.sol\\StdAssertions.json"
        }
      }
    },
    "lib/forge-std/src/StdChains.sol": {
      "lastModificationDate": 1719068532000,
      "contentHash": "e5d10792bfb5825553363cd33066a321",
      "sourceName": "lib/forge-std/src/StdChains.sol",
      "solcConfig": {
        "settings": {
          "optimizer": {
            "enabled": true,
            "runs": 200
          },
          "metadata": {
            "bytecodeHash": "ipfs",
            "appendCBOR": true
          },
          "outputSelection": {
            "*": {
              "": [
                "ast"
              ],
              "*": [
                "abi",
                "evm.bytecode",
                "evm.deployedBytecode",
                "evm.methodIdentifiers",
                "metadata"
              ]
            }
          },
          "evmVersion": "paris",
          "libraries": {}
        }
      },
      "imports": [
        "lib/forge-std/src/Vm.sol"
      ],
      "versionRequirement": ">=0.6.2, <0.9.0",
      "artifacts": {
        "StdChains": {
          "0.8.17+commit.8df45f5f.Windows.msvc": "StdChains.sol\\StdChains.json"
        }
      }
    },
    "lib/forge-std/src/StdCheats.sol": {
      "lastModificationDate": 1719068532000,
      "contentHash": "2ffbad9275b4543eb1a17010e9dff279",
      "sourceName": "lib/forge-std/src/StdCheats.sol",
      "solcConfig": {
        "settings": {
          "optimizer": {
            "enabled": true,
            "runs": 200
          },
          "metadata": {
            "bytecodeHash": "ipfs",
            "appendCBOR": true
          },
          "outputSelection": {
            "*": {
              "": [
                "ast"
              ],
              "*": [
                "abi",
                "evm.bytecode",
                "evm.deployedBytecode",
                "evm.methodIdentifiers",
                "metadata"
              ]
            }
          },
          "evmVersion": "paris",
          "libraries": {}
        }
      },
      "imports": [
        "lib/forge-std/src/StdStorage.sol",
        "lib/forge-std/src/Vm.sol",
        "lib/forge-std/src/console2.sol"
      ],
      "versionRequirement": ">=0.6.2, <0.9.0",
      "artifacts": {
        "StdCheats": {
          "0.8.17+commit.8df45f5f.Windows.msvc": "StdCheats.sol\\StdCheats.json"
        },
        "StdCheatsSafe": {
          "0.8.17+commit.8df45f5f.Windows.msvc": "StdCheats.sol\\StdCheatsSafe.json"
        }
      }
    },
    "lib/forge-std/src/StdError.sol": {
      "lastModificationDate": 1719068532000,
      "contentHash": "8c35ad419c5b8748575080db5fd58cae",
      "sourceName": "lib/forge-std/src/StdError.sol",
      "solcConfig": {
        "settings": {
          "optimizer": {
            "enabled": true,
            "runs": 200
          },
          "metadata": {
            "bytecodeHash": "ipfs",
            "appendCBOR": true
          },
          "outputSelection": {
            "*": {
              "": [
                "ast"
              ],
              "*": [
                "abi",
                "evm.bytecode",
                "evm.deployedBytecode",
                "evm.methodIdentifiers",
                "metadata"
              ]
            }
          },
          "evmVersion": "paris",
          "libraries": {}
        }
      },
      "imports": [],
      "versionRequirement": ">=0.6.2, <0.9.0",
      "artifacts": {
        "stdError": {
          "0.8.17+commit.8df45f5f.Windows.msvc": "StdError.sol\\stdError.json"
        }
      }
    },
    "lib/forge-std/src/StdInvariant.sol": {
      "lastModificationDate": 1719068532000,
      "contentHash": "6e55de93225624b30aefa3cfcca70448",
      "sourceName": "lib/forge-std/src/StdInvariant.sol",
      "solcConfig": {
        "settings": {
          "optimizer": {
            "enabled": true,
            "runs": 200
          },
          "metadata": {
            "bytecodeHash": "ipfs",
            "appendCBOR": true
          },
          "outputSelection": {
            "*": {
              "": [
                "ast"
              ],
              "*": [
                "abi",
                "evm.bytecode",
                "evm.deployedBytecode",
                "evm.methodIdentifiers",
                "metadata"
              ]
            }
          },
          "evmVersion": "paris",
          "libraries": {}
        }
      },
      "imports": [],
      "versionRequirement": ">=0.6.2, <0.9.0",
      "artifacts": {
        "StdInvariant": {
          "0.8.17+commit.8df45f5f.Windows.msvc": "StdInvariant.sol\\StdInvariant.json"
        }
      }
    },
    "lib/forge-std/src/StdJson.sol": {
      "lastModificationDate": 1719068532000,
      "contentHash": "07c41e5a59635467ccbd4073b6d8ab74",
      "sourceName": "lib/forge-std/src/StdJson.sol",
      "solcConfig": {
        "settings": {
          "optimizer": {
            "enabled": true,
            "runs": 200
          },
          "metadata": {
            "bytecodeHash": "ipfs",
            "appendCBOR": true
          },
          "outputSelection": {
            "*": {
              "": [
                "ast"
              ],
              "*": [
                "abi",
                "evm.bytecode",
                "evm.deployedBytecode",
                "evm.methodIdentifiers",
                "metadata"
              ]
            }
          },
          "evmVersion": "paris",
          "libraries": {}
        }
      },
      "imports": [
        "lib/forge-std/src/Vm.sol"
      ],
      "versionRequirement": ">=0.6.0, <0.9.0",
      "artifacts": {
        "stdJson": {
          "0.8.17+commit.8df45f5f.Windows.msvc": "StdJson.sol\\stdJson.json"
        }
      }
    },
    "lib/forge-std/src/StdMath.sol": {
      "lastModificationDate": 1719068532000,
      "contentHash": "fc64b149e462e64dea89f50e9cc0318f",
      "sourceName": "lib/forge-std/src/StdMath.sol",
      "solcConfig": {
        "settings": {
          "optimizer": {
            "enabled": true,
            "runs": 200
          },
          "metadata": {
            "bytecodeHash": "ipfs",
            "appendCBOR": true
          },
          "outputSelection": {
            "*": {
              "": [
                "ast"
              ],
              "*": [
                "abi",
                "evm.bytecode",
                "evm.deployedBytecode",
                "evm.methodIdentifiers",
                "metadata"
              ]
            }
          },
          "evmVersion": "paris",
          "libraries": {}
        }
      },
      "imports": [],
      "versionRequirement": ">=0.6.2, <0.9.0",
      "artifacts": {
        "stdMath": {
          "0.8.17+commit.8df45f5f.Windows.msvc": "StdMath.sol\\stdMath.json"
        }
      }
    },
    "lib/forge-std/src/StdStorage.sol": {
      "lastModificationDate": 1719068532000,
      "contentHash": "2ecf547e7bbae42e01d505e6fdfb0493",
      "sourceName": "lib/forge-std/src/StdStorage.sol",
      "solcConfig": {
        "settings": {
          "optimizer": {
            "enabled": true,
            "runs": 200
          },
          "metadata": {
            "bytecodeHash": "ipfs",
            "appendCBOR": true
          },
          "outputSelection": {
            "*": {
              "": [
                "ast"
              ],
              "*": [
                "abi",
                "evm.bytecode",
                "evm.deployedBytecode",
                "evm.methodIdentifiers",
                "metadata"
              ]
            }
          },
          "evmVersion": "paris",
          "libraries": {}
        }
      },
      "imports": [
        "lib/forge-std/src/Vm.sol"
      ],
      "versionRequirement": ">=0.6.2, <0.9.0",
      "artifacts": {
        "stdStorage": {
          "0.8.17+commit.8df45f5f.Windows.msvc": "StdStorage.sol\\stdStorage.json"
        },
        "stdStorageSafe": {
          "0.8.17+commit.8df45f5f.Windows.msvc": "StdStorage.sol\\stdStorageSafe.json"
        }
      }
    },
    "lib/forge-std/src/StdStyle.sol": {
      "lastModificationDate": 1719068532000,
      "contentHash": "f5cb431eb5bd89ef37aaf831fc099459",
      "sourceName": "lib/forge-std/src/StdStyle.sol",
      "solcConfig": {
        "settings": {
          "optimizer": {
            "enabled": true,
            "runs": 200
          },
          "metadata": {
            "bytecodeHash": "ipfs",
            "appendCBOR": true
          },
          "outputSelection": {
            "*": {
              "": [
                "ast"
              ],
              "*": [
                "abi",
                "evm.bytecode",
                "evm.deployedBytecode",
                "evm.methodIdentifiers",
                "metadata"
              ]
            }
          },
          "evmVersion": "paris",
          "libraries": {}
        }
      },
      "imports": [
        "lib/forge-std/src/Vm.sol"
      ],
      "versionRequirement": ">=0.4.22, <0.9.0",
      "artifacts": {
        "StdStyle": {
          "0.8.17+commit.8df45f5f.Windows.msvc": "StdStyle.sol\\StdStyle.json"
        }
      }
    },
    "lib/forge-std/src/StdToml.sol": {
      "lastModificationDate": 1719068532000,
      "contentHash": "2a3e5063a94d5a3a5987441e597f1cb5",
      "sourceName": "lib/forge-std/src/StdToml.sol",
      "solcConfig": {
        "settings": {
          "optimizer": {
            "enabled": true,
            "runs": 200
          },
          "metadata": {
            "bytecodeHash": "ipfs",
            "appendCBOR": true
          },
          "outputSelection": {
            "*": {
              "": [
                "ast"
              ],
              "*": [
                "abi",
                "evm.bytecode",
                "evm.deployedBytecode",
                "evm.methodIdentifiers",
                "metadata"
              ]
            }
          },
          "evmVersion": "paris",
          "libraries": {}
        }
      },
      "imports": [
        "lib/forge-std/src/Vm.sol"
      ],
      "versionRequirement": ">=0.6.0, <0.9.0",
      "artifacts": {
        "stdToml": {
          "0.8.17+commit.8df45f5f.Windows.msvc": "StdToml.sol\\stdToml.json"
        }
      }
    },
    "lib/forge-std/src/StdUtils.sol": {
      "lastModificationDate": 1719068532000,
      "contentHash": "85df92b65a5fc6a126a52ea3581f5842",
      "sourceName": "lib/forge-std/src/StdUtils.sol",
      "solcConfig": {
        "settings": {
          "optimizer": {
            "enabled": true,
            "runs": 200
          },
          "metadata": {
            "bytecodeHash": "ipfs",
            "appendCBOR": true
          },
          "outputSelection": {
            "*": {
              "": [
                "ast"
              ],
              "*": [
                "abi",
                "evm.bytecode",
                "evm.deployedBytecode",
                "evm.methodIdentifiers",
                "metadata"
              ]
            }
          },
          "evmVersion": "paris",
          "libraries": {}
        }
      },
      "imports": [
        "lib/forge-std/src/Vm.sol",
        "lib/forge-std/src/interfaces/IERC165.sol",
        "lib/forge-std/src/interfaces/IERC20.sol",
        "lib/forge-std/src/interfaces/IERC721.sol",
        "lib/forge-std/src/interfaces/IMulticall3.sol",
        "lib/forge-std/src/mocks/MockERC20.sol",
        "lib/forge-std/src/mocks/MockERC721.sol"
      ],
      "versionRequirement": ">=0.6.2, <0.9.0",
      "artifacts": {
        "StdUtils": {
          "0.8.17+commit.8df45f5f.Windows.msvc": "StdUtils.sol\\StdUtils.json"
        }
      }
    },
    "lib/forge-std/src/Test.sol": {
      "lastModificationDate": 1719068532000,
      "contentHash": "6c5f58ad7806eb9d93cf0eeb475a5c7e",
      "sourceName": "lib/forge-std/src/Test.sol",
      "solcConfig": {
        "settings": {
          "optimizer": {
            "enabled": true,
            "runs": 200
          },
          "metadata": {
            "bytecodeHash": "ipfs",
            "appendCBOR": true
          },
          "outputSelection": {
            "*": {
              "": [
                "ast"
              ],
              "*": [
                "abi",
                "evm.bytecode",
                "evm.deployedBytecode",
                "evm.methodIdentifiers",
                "metadata"
              ]
            }
          },
          "evmVersion": "paris",
          "libraries": {}
        }
      },
      "imports": [
        "lib/forge-std/src/Base.sol",
        "lib/forge-std/src/StdAssertions.sol",
        "lib/forge-std/src/StdChains.sol",
        "lib/forge-std/src/StdCheats.sol",
        "lib/forge-std/src/StdError.sol",
        "lib/forge-std/src/StdInvariant.sol",
        "lib/forge-std/src/StdJson.sol",
        "lib/forge-std/src/StdMath.sol",
        "lib/forge-std/src/StdStorage.sol",
        "lib/forge-std/src/StdStyle.sol",
        "lib/forge-std/src/StdToml.sol",
        "lib/forge-std/src/StdUtils.sol",
        "lib/forge-std/src/Vm.sol",
        "lib/forge-std/src/console.sol",
        "lib/forge-std/src/console2.sol",
        "lib/forge-std/src/interfaces/IERC165.sol",
        "lib/forge-std/src/interfaces/IERC20.sol",
        "lib/forge-std/src/interfaces/IERC721.sol",
        "lib/forge-std/src/interfaces/IMulticall3.sol",
        "lib/forge-std/src/mocks/MockERC20.sol",
        "lib/forge-std/src/mocks/MockERC721.sol",
        "lib/forge-std/src/safeconsole.sol"
      ],
      "versionRequirement": ">=0.6.2, <0.9.0",
      "artifacts": {
        "Test": {
          "0.8.17+commit.8df45f5f.Windows.msvc": "Test.sol\\Test.json"
        }
      }
    },
    "lib/forge-std/src/Vm.sol": {
      "lastModificationDate": 1719068532000,
      "contentHash": "1d617ecb416a731a8b8b68b7ad4254c9",
      "sourceName": "lib/forge-std/src/Vm.sol",
      "solcConfig": {
        "settings": {
          "optimizer": {
            "enabled": true,
            "runs": 200
          },
          "metadata": {
            "bytecodeHash": "ipfs",
            "appendCBOR": true
          },
          "outputSelection": {
            "*": {
              "": [
                "ast"
              ],
              "*": [
                "abi",
                "evm.bytecode",
                "evm.deployedBytecode",
                "evm.methodIdentifiers",
                "metadata"
              ]
            }
          },
          "evmVersion": "paris",
          "libraries": {}
        }
      },
      "imports": [],
      "versionRequirement": ">=0.6.2, <0.9.0",
      "artifacts": {
        "Vm": {
          "0.8.17+commit.8df45f5f.Windows.msvc": "Vm.sol\\Vm.json"
        },
        "VmSafe": {
          "0.8.17+commit.8df45f5f.Windows.msvc": "Vm.sol\\VmSafe.json"
        }
      }
    },
    "lib/forge-std/src/console.sol": {
      "lastModificationDate": 1719068532000,
      "contentHash": "c8cf989d04bc2e3069e3d91facf3b69c",
      "sourceName": "lib/forge-std/src/console.sol",
      "solcConfig": {
        "settings": {
          "optimizer": {
            "enabled": true,
            "runs": 200
          },
          "metadata": {
            "bytecodeHash": "ipfs",
            "appendCBOR": true
          },
          "outputSelection": {
            "*": {
              "": [
                "ast"
              ],
              "*": [
                "abi",
                "evm.bytecode",
                "evm.deployedBytecode",
                "evm.methodIdentifiers",
                "metadata"
              ]
            }
          },
          "evmVersion": "paris",
          "libraries": {}
        }
      },
      "imports": [],
      "versionRequirement": ">=0.4.22, <0.9.0",
      "artifacts": {
        "console": {
          "0.8.17+commit.8df45f5f.Windows.msvc": "console.sol\\console.json"
        }
      }
    },
    "lib/forge-std/src/console2.sol": {
      "lastModificationDate": 1719068532000,
      "contentHash": "84bf7223a45eb5be69eae69a26531306",
      "sourceName": "lib/forge-std/src/console2.sol",
      "solcConfig": {
        "settings": {
          "optimizer": {
            "enabled": true,
            "runs": 200
          },
          "metadata": {
            "bytecodeHash": "ipfs",
            "appendCBOR": true
          },
          "outputSelection": {
            "*": {
              "": [
                "ast"
              ],
              "*": [
                "abi",
                "evm.bytecode",
                "evm.deployedBytecode",
                "evm.methodIdentifiers",
                "metadata"
              ]
            }
          },
          "evmVersion": "paris",
          "libraries": {}
        }
      },
      "imports": [],
      "versionRequirement": ">=0.4.22, <0.9.0",
      "artifacts": {
        "console2": {
          "0.8.17+commit.8df45f5f.Windows.msvc": "console2.sol\\console2.json"
        }
      }
    },
    "lib/forge-std/src/interfaces/IERC165.sol": {
      "lastModificationDate": 1719068532000,
      "contentHash": "22d512f3962685b539345c7a7d4d7c15",
      "sourceName": "lib/forge-std/src/interfaces/IERC165.sol",
      "solcConfig": {
        "settings": {
          "optimizer": {
            "enabled": true,
            "runs": 200
          },
          "metadata": {
            "bytecodeHash": "ipfs",
            "appendCBOR": true
          },
          "outputSelection": {
            "*": {
              "": [
                "ast"
              ],
              "*": [
                "abi",
                "evm.bytecode",
                "evm.deployedBytecode",
                "evm.methodIdentifiers",
                "metadata"
              ]
            }
          },
          "evmVersion": "paris",
          "libraries": {}
        }
      },
      "imports": [],
      "versionRequirement": ">=0.6.2",
      "artifacts": {
        "IERC165": {
          "0.8.17+commit.8df45f5f.Windows.msvc": "IERC165.sol\\IERC165.json"
        }
      }
    },
    "lib/forge-std/src/interfaces/IERC20.sol": {
      "lastModificationDate": 1719068532000,
      "contentHash": "65a4f3fb1e1af12d4a9473bccea04898",
      "sourceName": "lib/forge-std/src/interfaces/IERC20.sol",
      "solcConfig": {
        "settings": {
          "optimizer": {
            "enabled": true,
            "runs": 200
          },
          "metadata": {
            "bytecodeHash": "ipfs",
            "appendCBOR": true
          },
          "outputSelection": {
            "*": {
              "": [
                "ast"
              ],
              "*": [
                "abi",
                "evm.bytecode",
                "evm.deployedBytecode",
                "evm.methodIdentifiers",
                "metadata"
              ]
            }
          },
          "evmVersion": "paris",
          "libraries": {}
        }
      },
      "imports": [],
      "versionRequirement": ">=0.6.2",
      "artifacts": {
        "IERC20": {
          "0.8.17+commit.8df45f5f.Windows.msvc": "IERC20.sol\\IERC20.json"
        }
      }
    },
    "lib/forge-std/src/interfaces/IERC721.sol": {
      "lastModificationDate": 1719068532000,
      "contentHash": "12e1c0694e9ba9486c4e1207c5b7face",
      "sourceName": "lib/forge-std/src/interfaces/IERC721.sol",
      "solcConfig": {
        "settings": {
          "optimizer": {
            "enabled": true,
            "runs": 200
          },
          "metadata": {
            "bytecodeHash": "ipfs",
            "appendCBOR": true
          },
          "outputSelection": {
            "*": {
              "": [
                "ast"
              ],
              "*": [
                "abi",
                "evm.bytecode",
                "evm.deployedBytecode",
                "evm.methodIdentifiers",
                "metadata"
              ]
            }
          },
          "evmVersion": "paris",
          "libraries": {}
        }
      },
      "imports": [
        "lib/forge-std/src/interfaces/IERC165.sol"
      ],
      "versionRequirement": ">=0.6.2",
      "artifacts": {
        "IERC721": {
          "0.8.17+commit.8df45f5f.Windows.msvc": "IERC721.sol\\IERC721.json"
        },
        "IERC721Enumerable": {
          "0.8.17+commit.8df45f5f.Windows.msvc": "IERC721.sol\\IERC721Enumerable.json"
        },
        "IERC721Metadata": {
          "0.8.17+commit.8df45f5f.Windows.msvc": "IERC721.sol\\IERC721Metadata.json"
        },
        "IERC721TokenReceiver": {
          "0.8.17+commit.8df45f5f.Windows.msvc": "IERC721.sol\\IERC721TokenReceiver.json"
        }
      }
    },
    "lib/forge-std/src/interfaces/IMulticall3.sol": {
      "lastModificationDate": 1719068532000,
      "contentHash": "5de707a0d82c8f56049fbd3ba28944ed",
      "sourceName": "lib/forge-std/src/interfaces/IMulticall3.sol",
      "solcConfig": {
        "settings": {
          "optimizer": {
            "enabled": true,
            "runs": 200
          },
          "metadata": {
            "bytecodeHash": "ipfs",
            "appendCBOR": true
          },
          "outputSelection": {
            "*": {
              "": [
                "ast"
              ],
              "*": [
                "abi",
                "evm.bytecode",
                "evm.deployedBytecode",
                "evm.methodIdentifiers",
                "metadata"
              ]
            }
          },
          "evmVersion": "paris",
          "libraries": {}
        }
      },
      "imports": [],
      "versionRequirement": ">=0.6.2, <0.9.0",
      "artifacts": {
        "IMulticall3": {
          "0.8.17+commit.8df45f5f.Windows.msvc": "IMulticall3.sol\\IMulticall3.json"
        }
      }
    },
    "lib/forge-std/src/mocks/MockERC20.sol": {
      "lastModificationDate": 1719068532000,
      "contentHash": "17f2f14bf2028cf7840ed155ac00bbd6",
      "sourceName": "lib/forge-std/src/mocks/MockERC20.sol",
      "solcConfig": {
        "settings": {
          "optimizer": {
            "enabled": true,
            "runs": 200
          },
          "metadata": {
            "bytecodeHash": "ipfs",
            "appendCBOR": true
          },
          "outputSelection": {
            "*": {
              "": [
                "ast"
              ],
              "*": [
                "abi",
                "evm.bytecode",
                "evm.deployedBytecode",
                "evm.methodIdentifiers",
                "metadata"
              ]
            }
          },
          "evmVersion": "paris",
          "libraries": {}
        }
      },
      "imports": [
        "lib/forge-std/src/interfaces/IERC20.sol"
      ],
      "versionRequirement": ">=0.6.2, <0.9.0",
      "artifacts": {
        "MockERC20": {
          "0.8.17+commit.8df45f5f.Windows.msvc": "MockERC20.sol\\MockERC20.json"
        }
      }
    },
    "lib/forge-std/src/mocks/MockERC721.sol": {
      "lastModificationDate": 1719068532000,
      "contentHash": "b421450283955cd90a32ec04b58768e0",
      "sourceName": "lib/forge-std/src/mocks/MockERC721.sol",
      "solcConfig": {
        "settings": {
          "optimizer": {
            "enabled": true,
            "runs": 200
          },
          "metadata": {
            "bytecodeHash": "ipfs",
            "appendCBOR": true
          },
          "outputSelection": {
            "*": {
              "": [
                "ast"
              ],
              "*": [
                "abi",
                "evm.bytecode",
                "evm.deployedBytecode",
                "evm.methodIdentifiers",
                "metadata"
              ]
            }
          },
          "evmVersion": "paris",
          "libraries": {}
        }
      },
      "imports": [
        "lib/forge-std/src/interfaces/IERC165.sol",
        "lib/forge-std/src/interfaces/IERC721.sol"
      ],
      "versionRequirement": ">=0.6.2, <0.9.0",
      "artifacts": {
        "IERC721TokenReceiver": {
          "0.8.17+commit.8df45f5f.Windows.msvc": "MockERC721.sol\\IERC721TokenReceiver.json"
        },
        "MockERC721": {
          "0.8.17+commit.8df45f5f.Windows.msvc": "MockERC721.sol\\MockERC721.json"
        }
      }
    },
    "lib/forge-std/src/safeconsole.sol": {
      "lastModificationDate": 1719068532000,
      "contentHash": "b78b3af4008494f560706b3e44286080",
      "sourceName": "lib/forge-std/src/safeconsole.sol",
      "solcConfig": {
        "settings": {
          "optimizer": {
            "enabled": true,
            "runs": 200
          },
          "metadata": {
            "bytecodeHash": "ipfs",
            "appendCBOR": true
          },
          "outputSelection": {
            "*": {
              "": [
                "ast"
              ],
              "*": [
                "abi",
                "evm.bytecode",
                "evm.deployedBytecode",
                "evm.methodIdentifiers",
                "metadata"
              ]
            }
          },
          "evmVersion": "paris",
          "libraries": {}
        }
      },
      "imports": [],
      "versionRequirement": ">=0.6.2, <0.9.0",
      "artifacts": {
        "safeconsole": {
          "0.8.17+commit.8df45f5f.Windows.msvc": "safeconsole.sol\\safeconsole.json"
        }
      }
    },
    "node_modules/@chainlink/contracts/src/v0.8/shared/interfaces/AggregatorV3Interface.sol": {
      "lastModificationDate": 1719692615784,
      "contentHash": "64a3f906dc7696aa3c9fa8454b673be7",
      "sourceName": "node_modules/@chainlink/contracts/src/v0.8/shared/interfaces/AggregatorV3Interface.sol",
      "solcConfig": {
        "settings": {
          "optimizer": {
            "enabled": true,
            "runs": 200
          },
          "metadata": {
            "bytecodeHash": "ipfs",
            "appendCBOR": true
          },
          "outputSelection": {
            "*": {
              "": [
                "ast"
              ],
              "*": [
                "abi",
                "evm.bytecode",
                "evm.deployedBytecode",
                "evm.methodIdentifiers",
                "metadata"
              ]
            }
          },
          "evmVersion": "paris",
          "libraries": {}
        }
      },
      "imports": [],
      "versionRequirement": "^0.8.0",
      "artifacts": {
        "AggregatorV3Interface": {
          "0.8.17+commit.8df45f5f.Windows.msvc": "AggregatorV3Interface.sol\\AggregatorV3Interface.json"
        }
      }
    },
    "node_modules/@openzeppelin/contracts/access/Ownable.sol": {
      "lastModificationDate": 1719692615251,
      "contentHash": "e436cea06129be2c73cda4b1acc848b5",
      "sourceName": "node_modules/@openzeppelin/contracts/access/Ownable.sol",
      "solcConfig": {
        "settings": {
          "optimizer": {
            "enabled": true,
            "runs": 200
          },
          "metadata": {
            "bytecodeHash": "ipfs",
            "appendCBOR": true
          },
          "outputSelection": {
            "*": {
              "": [
                "ast"
              ],
              "*": [
                "abi",
                "evm.bytecode",
                "evm.deployedBytecode",
                "evm.methodIdentifiers",
                "metadata"
              ]
            }
          },
          "evmVersion": "paris",
          "libraries": {}
        }
      },
      "imports": [
        "node_modules/@openzeppelin/contracts/utils/Context.sol"
      ],
      "versionRequirement": "^0.8.0",
      "artifacts": {
        "Ownable": {
          "0.8.17+commit.8df45f5f.Windows.msvc": "Ownable.sol\\Ownable.json"
        }
      }
    },
    "node_modules/@openzeppelin/contracts/security/Pausable.sol": {
      "lastModificationDate": 1719692615263,
      "contentHash": "25c8108f36fdd472bc78d4c4af240c11",
      "sourceName": "node_modules/@openzeppelin/contracts/security/Pausable.sol",
      "solcConfig": {
        "settings": {
          "optimizer": {
            "enabled": true,
            "runs": 200
          },
          "metadata": {
            "bytecodeHash": "ipfs",
            "appendCBOR": true
          },
          "outputSelection": {
            "*": {
              "": [
                "ast"
              ],
              "*": [
                "abi",
                "evm.bytecode",
                "evm.deployedBytecode",
                "evm.methodIdentifiers",
                "metadata"
              ]
            }
          },
          "evmVersion": "paris",
          "libraries": {}
        }
      },
      "imports": [
        "node_modules/@openzeppelin/contracts/utils/Context.sol"
      ],
      "versionRequirement": "^0.8.0",
      "artifacts": {
        "Pausable": {
          "0.8.17+commit.8df45f5f.Windows.msvc": "Pausable.sol\\Pausable.json"
        }
      }
    },
    "node_modules/@openzeppelin/contracts/token/ERC20/ERC20.sol": {
      "lastModificationDate": 1719692614322,
      "contentHash": "834a0dde221759af42b030253315b086",
      "sourceName": "node_modules/@openzeppelin/contracts/token/ERC20/ERC20.sol",
      "solcConfig": {
        "settings": {
          "optimizer": {
            "enabled": true,
            "runs": 200
          },
          "metadata": {
            "bytecodeHash": "ipfs",
            "appendCBOR": true
          },
          "outputSelection": {
            "*": {
              "": [
                "ast"
              ],
              "*": [
                "abi",
                "evm.bytecode",
                "evm.deployedBytecode",
                "evm.methodIdentifiers",
                "metadata"
              ]
            }
          },
          "evmVersion": "paris",
          "libraries": {}
        }
      },
      "imports": [
        "node_modules/@openzeppelin/contracts\\token/ERC20/IERC20.sol",
        "node_modules/@openzeppelin/contracts/token/ERC20/extensions/IERC20Metadata.sol",
        "node_modules/@openzeppelin/contracts/utils/Context.sol"
      ],
      "versionRequirement": "^0.8.0",
      "artifacts": {
        "ERC20": {
          "0.8.17+commit.8df45f5f.Windows.msvc": "ERC20.sol\\ERC20.json"
        }
      }
    },
    "node_modules/@openzeppelin/contracts/token/ERC20/IERC20.sol": {
      "lastModificationDate": 1719692614704,
      "contentHash": "ad7c2d0af148c8f9f097d65deeb4da6b",
      "sourceName": "node_modules/@openzeppelin/contracts/token/ERC20/IERC20.sol",
      "solcConfig": {
        "settings": {
          "optimizer": {
            "enabled": true,
            "runs": 200
          },
          "metadata": {
            "bytecodeHash": "ipfs",
            "appendCBOR": true
          },
          "outputSelection": {
            "*": {
              "": [
                "ast"
              ],
              "*": [
                "abi",
                "evm.bytecode",
                "evm.deployedBytecode",
                "evm.methodIdentifiers",
                "metadata"
              ]
            }
          },
          "evmVersion": "paris",
          "libraries": {}
        }
      },
      "imports": [],
      "versionRequirement": "^0.8.0",
      "artifacts": {
        "IERC20": {
          "0.8.17+commit.8df45f5f.Windows.msvc": "ERC20\\IERC20.sol\\IERC20.json"
        }
      }
    },
    "node_modules/@openzeppelin/contracts/token/ERC20/extensions/ERC20Burnable.sol": {
      "lastModificationDate": 1719692614331,
      "contentHash": "a1c7f80ae26f5b2d7d563475627fbf25",
      "sourceName": "node_modules/@openzeppelin/contracts/token/ERC20/extensions/ERC20Burnable.sol",
      "solcConfig": {
        "settings": {
          "optimizer": {
            "enabled": true,
            "runs": 200
          },
          "metadata": {
            "bytecodeHash": "ipfs",
            "appendCBOR": true
          },
          "outputSelection": {
            "*": {
              "": [
                "ast"
              ],
              "*": [
                "abi",
                "evm.bytecode",
                "evm.deployedBytecode",
                "evm.methodIdentifiers",
                "metadata"
              ]
            }
          },
          "evmVersion": "paris",
          "libraries": {}
        }
      },
      "imports": [
        "node_modules/@openzeppelin/contracts\\token/ERC20/ERC20.sol",
        "node_modules/@openzeppelin/contracts\\token/ERC20/IERC20.sol",
        "node_modules/@openzeppelin/contracts/token/ERC20/extensions/IERC20Metadata.sol",
        "node_modules/@openzeppelin/contracts/utils/Context.sol"
      ],
      "versionRequirement": "^0.8.0",
      "artifacts": {
        "ERC20Burnable": {
          "0.8.17+commit.8df45f5f.Windows.msvc": "ERC20Burnable.sol\\ERC20Burnable.json"
        }
      }
    },
    "node_modules/@openzeppelin/contracts/token/ERC20/extensions/ERC20Pausable.sol": {
      "lastModificationDate": 1719692614346,
      "contentHash": "c888e0b43edcb6e9a544e64e9e417376",
      "sourceName": "node_modules/@openzeppelin/contracts/token/ERC20/extensions/ERC20Pausable.sol",
      "solcConfig": {
        "settings": {
          "optimizer": {
            "enabled": true,
            "runs": 200
          },
          "metadata": {
            "bytecodeHash": "ipfs",
            "appendCBOR": true
          },
          "outputSelection": {
            "*": {
              "": [
                "ast"
              ],
              "*": [
                "abi",
                "evm.bytecode",
                "evm.deployedBytecode",
                "evm.methodIdentifiers",
                "metadata"
              ]
            }
          },
          "evmVersion": "paris",
          "libraries": {}
        }
      },
      "imports": [
        "node_modules/@openzeppelin/contracts/security/Pausable.sol",
        "node_modules/@openzeppelin/contracts\\token/ERC20/ERC20.sol",
        "node_modules/@openzeppelin/contracts\\token/ERC20/IERC20.sol",
        "node_modules/@openzeppelin/contracts/token/ERC20/extensions/IERC20Metadata.sol",
        "node_modules/@openzeppelin/contracts/utils/Context.sol"
      ],
      "versionRequirement": "^0.8.0",
      "artifacts": {
        "ERC20Pausable": {
          "0.8.17+commit.8df45f5f.Windows.msvc": "ERC20Pausable.sol\\ERC20Pausable.json"
        }
      }
    },
    "node_modules/@openzeppelin/contracts/token/ERC20/extensions/IERC20Metadata.sol": {
      "lastModificationDate": 1719692614717,
      "contentHash": "909ab67fc5c25033fe6cd364f8c056f9",
      "sourceName": "node_modules/@openzeppelin/contracts/token/ERC20/extensions/IERC20Metadata.sol",
      "solcConfig": {
        "settings": {
          "optimizer": {
            "enabled": true,
            "runs": 200
          },
          "metadata": {
            "bytecodeHash": "ipfs",
            "appendCBOR": true
          },
          "outputSelection": {
            "*": {
              "": [
                "ast"
              ],
              "*": [
                "abi",
                "evm.bytecode",
                "evm.deployedBytecode",
                "evm.methodIdentifiers",
                "metadata"
              ]
            }
          },
          "evmVersion": "paris",
          "libraries": {}
        }
      },
      "imports": [
        "node_modules/@openzeppelin/contracts\\token/ERC20/IERC20.sol"
      ],
      "versionRequirement": "^0.8.0",
      "artifacts": {
        "IERC20Metadata": {
          "0.8.17+commit.8df45f5f.Windows.msvc": "IERC20Metadata.sol\\IERC20Metadata.json"
        }
      }
    },
    "node_modules/@openzeppelin/contracts/token/ERC20/extensions/draft-IERC20Permit.sol": {
      "lastModificationDate": 1719692613694,
      "contentHash": "fb77f144244b9ab12533aa6ce85ef8c5",
      "sourceName": "node_modules/@openzeppelin/contracts/token/ERC20/extensions/draft-IERC20Permit.sol",
      "solcConfig": {
        "settings": {
          "optimizer": {
            "enabled": true,
            "runs": 200
          },
          "metadata": {
            "bytecodeHash": "ipfs",
            "appendCBOR": true
          },
          "outputSelection": {
            "*": {
              "": [
                "ast"
              ],
              "*": [
                "abi",
                "evm.bytecode",
                "evm.deployedBytecode",
                "evm.methodIdentifiers",
                "metadata"
              ]
            }
          },
          "evmVersion": "paris",
          "libraries": {}
        }
      },
      "imports": [],
      "versionRequirement": "^0.8.0",
      "artifacts": {
        "IERC20Permit": {
          "0.8.17+commit.8df45f5f.Windows.msvc": "draft-IERC20Permit.sol\\IERC20Permit.json"
        }
      }
    },
    "node_modules/@openzeppelin/contracts/token/ERC20/utils/SafeERC20.sol": {
      "lastModificationDate": 1719692615328,
      "contentHash": "0320a90f714843ca19373ed143fc4466",
      "sourceName": "node_modules/@openzeppelin/contracts/token/ERC20/utils/SafeERC20.sol",
      "solcConfig": {
        "settings": {
          "optimizer": {
            "enabled": true,
            "runs": 200
          },
          "metadata": {
            "bytecodeHash": "ipfs",
            "appendCBOR": true
          },
          "outputSelection": {
            "*": {
              "": [
                "ast"
              ],
              "*": [
                "abi",
                "evm.bytecode",
                "evm.deployedBytecode",
                "evm.methodIdentifiers",
                "metadata"
              ]
            }
          },
          "evmVersion": "paris",
          "libraries": {}
        }
      },
      "imports": [
        "node_modules/@openzeppelin/contracts\\token/ERC20/IERC20.sol",
        "node_modules/@openzeppelin/contracts/token/ERC20/extensions/draft-IERC20Permit.sol",
        "node_modules/@openzeppelin/contracts/utils/Address.sol"
      ],
      "versionRequirement": "^0.8.0",
      "artifacts": {
        "SafeERC20": {
          "0.8.17+commit.8df45f5f.Windows.msvc": "SafeERC20.sol\\SafeERC20.json"
        }
      }
    },
    "node_modules/@openzeppelin/contracts/utils/Address.sol": {
      "lastModificationDate": 1719692613546,
      "contentHash": "f31ad6fc4bbf9c06203987220156a6ba",
      "sourceName": "node_modules/@openzeppelin/contracts/utils/Address.sol",
      "solcConfig": {
        "settings": {
          "optimizer": {
            "enabled": true,
            "runs": 200
          },
          "metadata": {
            "bytecodeHash": "ipfs",
            "appendCBOR": true
          },
          "outputSelection": {
            "*": {
              "": [
                "ast"
              ],
              "*": [
                "abi",
                "evm.bytecode",
                "evm.deployedBytecode",
                "evm.methodIdentifiers",
                "metadata"
              ]
            }
          },
          "evmVersion": "paris",
          "libraries": {}
        }
      },
      "imports": [],
      "versionRequirement": "^0.8.1",
      "artifacts": {
        "Address": {
          "0.8.17+commit.8df45f5f.Windows.msvc": "Address.sol\\Address.json"
        }
      }
    },
    "node_modules/@openzeppelin/contracts/utils/Context.sol": {
      "lastModificationDate": 1719692613609,
      "contentHash": "5f2c5c4b6af2dd4551027144797bc8be",
      "sourceName": "node_modules/@openzeppelin/contracts/utils/Context.sol",
      "solcConfig": {
        "settings": {
          "optimizer": {
            "enabled": true,
            "runs": 200
          },
          "metadata": {
            "bytecodeHash": "ipfs",
            "appendCBOR": true
          },
          "outputSelection": {
            "*": {
              "": [
                "ast"
              ],
              "*": [
                "abi",
                "evm.bytecode",
                "evm.deployedBytecode",
                "evm.methodIdentifiers",
                "metadata"
              ]
            }
          },
          "evmVersion": "paris",
          "libraries": {}
        }
      },
      "imports": [],
      "versionRequirement": "^0.8.0",
      "artifacts": {
        "Context": {
          "0.8.17+commit.8df45f5f.Windows.msvc": "Context.sol\\Context.json"
        }
      }
    },
    "script/DeploySeesea.s.sol": {
      "lastModificationDate": 1719697052847,
      "contentHash": "fb6f43921ee7d9c85259ee2fda15c80f",
      "sourceName": "script/DeploySeesea.s.sol",
      "solcConfig": {
        "settings": {
          "optimizer": {
            "enabled": true,
            "runs": 200
          },
          "metadata": {
            "bytecodeHash": "ipfs",
            "appendCBOR": true
          },
          "outputSelection": {
            "*": {
              "": [
                "ast"
              ],
              "*": [
                "abi",
                "evm.bytecode",
                "evm.deployedBytecode",
                "evm.methodIdentifiers",
                "metadata"
              ]
            }
          },
          "evmVersion": "paris",
          "libraries": {}
        }
      },
      "imports": [
        "lib/forge-std/src/Base.sol",
        "lib/forge-std/src\\Script.sol",
        "lib/forge-std/src/StdAssertions.sol",
        "lib/forge-std/src/StdChains.sol",
        "lib/forge-std/src/StdCheats.sol",
        "lib/forge-std/src/StdError.sol",
        "lib/forge-std/src/StdInvariant.sol",
        "lib/forge-std/src/StdJson.sol",
        "lib/forge-std/src/StdMath.sol",
        "lib/forge-std/src/StdStorage.sol",
        "lib/forge-std/src/StdStyle.sol",
        "lib/forge-std/src/StdToml.sol",
        "lib/forge-std/src/StdUtils.sol",
        "lib/forge-std/src\\Test.sol",
        "lib/forge-std/src/Vm.sol",
        "lib/forge-std/src/console.sol",
        "lib/forge-std/src/console2.sol",
        "lib/forge-std/src/interfaces/IERC165.sol",
        "lib/forge-std/src/interfaces/IERC20.sol",
        "lib/forge-std/src/interfaces/IERC721.sol",
        "lib/forge-std/src/interfaces/IMulticall3.sol",
        "lib/forge-std/src/mocks/MockERC20.sol",
        "lib/forge-std/src/mocks/MockERC721.sol",
        "lib/forge-std/src/safeconsole.sol",
        "node_modules/@chainlink/contracts/src\\v0.8/shared/interfaces/AggregatorV3Interface.sol",
        "node_modules/@openzeppelin/contracts\\access/Ownable.sol",
        "node_modules/@openzeppelin/contracts/security/Pausable.sol",
        "node_modules/@openzeppelin/contracts\\token/ERC20/ERC20.sol",
        "node_modules/@openzeppelin/contracts\\token/ERC20/IERC20.sol",
        "node_modules/@openzeppelin/contracts\\token/ERC20/extensions/ERC20Burnable.sol",
        "node_modules/@openzeppelin/contracts\\token/ERC20/extensions/ERC20Pausable.sol",
        "node_modules/@openzeppelin/contracts/token/ERC20/extensions/IERC20Metadata.sol",
        "node_modules/@openzeppelin/contracts/token/ERC20/extensions/draft-IERC20Permit.sol",
        "node_modules/@openzeppelin/contracts\\token/ERC20/utils/SafeERC20.sol",
        "node_modules/@openzeppelin/contracts/utils/Address.sol",
        "node_modules/@openzeppelin/contracts/utils/Context.sol",
        "script\\HelperConfig.s.sol",
        "src\\SeeseaPurchaseToken.sol",
        "src\\SeeseaToken.sol",
        "src\\Staking.sol",
        "src\\interfaces\\IUniswapV2.sol",
        "test\\mocks\\DummyERC20.sol",
        "test\\mocks\\MockV3Aggregator.sol"
      ],
      "versionRequirement": "=0.8.17",
      "artifacts": {
        "DeploySeeSeaAI": {
          "0.8.17+commit.8df45f5f.Windows.msvc": "DeploySeesea.s.sol\\DeploySeeSeaAI.json"
        }
      }
    },
    "script/HelperConfig.s.sol": {
      "lastModificationDate": 1719695280672,
      "contentHash": "aea7a27c02e190011daf106149939aed",
      "sourceName": "script/HelperConfig.s.sol",
      "solcConfig": {
        "settings": {
          "optimizer": {
            "enabled": true,
            "runs": 200
          },
          "metadata": {
            "bytecodeHash": "ipfs",
            "appendCBOR": true
          },
          "outputSelection": {
            "*": {
              "": [
                "ast"
              ],
              "*": [
                "abi",
                "evm.bytecode",
                "evm.deployedBytecode",
                "evm.methodIdentifiers",
                "metadata"
              ]
            }
          },
          "evmVersion": "paris",
          "libraries": {}
        }
      },
      "imports": [
        "lib/forge-std/src/Base.sol",
        "lib/forge-std/src\\Script.sol",
        "lib/forge-std/src/StdAssertions.sol",
        "lib/forge-std/src/StdChains.sol",
        "lib/forge-std/src/StdCheats.sol",
        "lib/forge-std/src/StdError.sol",
        "lib/forge-std/src/StdInvariant.sol",
        "lib/forge-std/src/StdJson.sol",
        "lib/forge-std/src/StdMath.sol",
        "lib/forge-std/src/StdStorage.sol",
        "lib/forge-std/src/StdStyle.sol",
        "lib/forge-std/src/StdToml.sol",
        "lib/forge-std/src/StdUtils.sol",
        "lib/forge-std/src\\Test.sol",
        "lib/forge-std/src/Vm.sol",
        "lib/forge-std/src/console.sol",
        "lib/forge-std/src/console2.sol",
        "lib/forge-std/src/interfaces/IERC165.sol",
        "lib/forge-std/src/interfaces/IERC20.sol",
        "lib/forge-std/src/interfaces/IERC721.sol",
        "lib/forge-std/src/interfaces/IMulticall3.sol",
        "lib/forge-std/src/mocks/MockERC20.sol",
        "lib/forge-std/src/mocks/MockERC721.sol",
        "lib/forge-std/src/safeconsole.sol",
        "node_modules/@openzeppelin/contracts\\token/ERC20/ERC20.sol",
        "node_modules/@openzeppelin/contracts\\token/ERC20/IERC20.sol",
        "node_modules/@openzeppelin/contracts/token/ERC20/extensions/IERC20Metadata.sol",
        "node_modules/@openzeppelin/contracts/utils/Context.sol",
        "test\\mocks\\DummyERC20.sol",
        "test\\mocks\\MockV3Aggregator.sol"
      ],
      "versionRequirement": "=0.8.17",
      "artifacts": {
        "HelperConfig": {
          "0.8.17+commit.8df45f5f.Windows.msvc": "HelperConfig.s.sol\\HelperConfig.json"
        }
      }
    },
    "src/SeeseaPurchaseToken.sol": {
      "lastModificationDate": 1719693062748,
      "contentHash": "af881aa3f9da0f388498b110af812d92",
      "sourceName": "src/SeeseaPurchaseToken.sol",
      "solcConfig": {
        "settings": {
          "optimizer": {
            "enabled": true,
            "runs": 200
          },
          "metadata": {
            "bytecodeHash": "ipfs",
            "appendCBOR": true
          },
          "outputSelection": {
            "*": {
              "": [
                "ast"
              ],
              "*": [
                "abi",
                "evm.bytecode",
                "evm.deployedBytecode",
                "evm.methodIdentifiers",
                "metadata"
              ]
            }
          },
          "evmVersion": "paris",
          "libraries": {}
        }
      },
      "imports": [
        "lib/forge-std/src/Base.sol",
        "lib/forge-std/src/StdAssertions.sol",
        "lib/forge-std/src/StdChains.sol",
        "lib/forge-std/src/StdCheats.sol",
        "lib/forge-std/src/StdError.sol",
        "lib/forge-std/src/StdInvariant.sol",
        "lib/forge-std/src/StdJson.sol",
        "lib/forge-std/src/StdMath.sol",
        "lib/forge-std/src/StdStorage.sol",
        "lib/forge-std/src/StdStyle.sol",
        "lib/forge-std/src/StdToml.sol",
        "lib/forge-std/src/StdUtils.sol",
        "lib/forge-std/src\\Test.sol",
        "lib/forge-std/src/Vm.sol",
        "lib/forge-std/src/console.sol",
        "lib/forge-std/src/console2.sol",
        "lib/forge-std/src/interfaces/IERC165.sol",
        "lib/forge-std/src/interfaces/IERC20.sol",
        "lib/forge-std/src/interfaces/IERC721.sol",
        "lib/forge-std/src/interfaces/IMulticall3.sol",
        "lib/forge-std/src/mocks/MockERC20.sol",
        "lib/forge-std/src/mocks/MockERC721.sol",
        "lib/forge-std/src/safeconsole.sol",
        "node_modules/@chainlink/contracts/src\\v0.8/shared/interfaces/AggregatorV3Interface.sol",
        "node_modules/@openzeppelin/contracts\\access/Ownable.sol",
        "node_modules/@openzeppelin/contracts/security/Pausable.sol",
        "node_modules/@openzeppelin/contracts\\token/ERC20/ERC20.sol",
        "node_modules/@openzeppelin/contracts\\token/ERC20/IERC20.sol",
        "node_modules/@openzeppelin/contracts\\token/ERC20/extensions/ERC20Burnable.sol",
        "node_modules/@openzeppelin/contracts\\token/ERC20/extensions/ERC20Pausable.sol",
        "node_modules/@openzeppelin/contracts/token/ERC20/extensions/IERC20Metadata.sol",
        "node_modules/@openzeppelin/contracts/token/ERC20/extensions/draft-IERC20Permit.sol",
        "node_modules/@openzeppelin/contracts\\token/ERC20/utils/SafeERC20.sol",
        "node_modules/@openzeppelin/contracts/utils/Address.sol",
        "node_modules/@openzeppelin/contracts/utils/Context.sol",
        "src\\interfaces\\IUniswapV2.sol"
      ],
      "versionRequirement": "=0.8.17",
      "artifacts": {
        "SeeseaPurchaseToken": {
          "0.8.17+commit.8df45f5f.Windows.msvc": "SeeseaPurchaseToken.sol\\SeeseaPurchaseToken.json"
        }
      }
    },
    "src/SeeseaToken.sol": {
      "lastModificationDate": 1719693126134,
      "contentHash": "79637624fcd5f2e132eb9288c061e54c",
      "sourceName": "src/SeeseaToken.sol",
      "solcConfig": {
        "settings": {
          "optimizer": {
            "enabled": true,
            "runs": 200
          },
          "metadata": {
            "bytecodeHash": "ipfs",
            "appendCBOR": true
          },
          "outputSelection": {
            "*": {
              "": [
                "ast"
              ],
              "*": [
                "abi",
                "evm.bytecode",
                "evm.deployedBytecode",
                "evm.methodIdentifiers",
                "metadata"
              ]
            }
          },
          "evmVersion": "paris",
          "libraries": {}
        }
      },
      "imports": [
        "node_modules/@openzeppelin/contracts\\access/Ownable.sol",
        "node_modules/@openzeppelin/contracts/security/Pausable.sol",
        "node_modules/@openzeppelin/contracts\\token/ERC20/ERC20.sol",
        "node_modules/@openzeppelin/contracts\\token/ERC20/IERC20.sol",
        "node_modules/@openzeppelin/contracts\\token/ERC20/extensions/ERC20Pausable.sol",
        "node_modules/@openzeppelin/contracts/token/ERC20/extensions/IERC20Metadata.sol",
        "node_modules/@openzeppelin/contracts/utils/Context.sol",
        "src\\interfaces\\IUniswapV2.sol"
      ],
      "versionRequirement": "=0.8.17",
      "artifacts": {
        "SeeseaToken": {
          "0.8.17+commit.8df45f5f.Windows.msvc": "SeeseaToken.sol\\SeeseaToken.json"
        }
      }
    },
    "src/Staking.sol": {
      "lastModificationDate": 1719693049116,
      "contentHash": "a242e887f29b9fc7c1b0bc8cb166b9fd",
      "sourceName": "src/Staking.sol",
      "solcConfig": {
        "settings": {
          "optimizer": {
            "enabled": true,
            "runs": 200
          },
          "metadata": {
            "bytecodeHash": "ipfs",
            "appendCBOR": true
          },
          "outputSelection": {
            "*": {
              "": [
                "ast"
              ],
              "*": [
                "abi",
                "evm.bytecode",
                "evm.deployedBytecode",
                "evm.methodIdentifiers",
                "metadata"
              ]
            }
          },
          "evmVersion": "paris",
          "libraries": {}
        }
      },
      "imports": [
        "lib/forge-std/src/Base.sol",
        "lib/forge-std/src/StdAssertions.sol",
        "lib/forge-std/src/StdChains.sol",
        "lib/forge-std/src/StdCheats.sol",
        "lib/forge-std/src/StdError.sol",
        "lib/forge-std/src/StdInvariant.sol",
        "lib/forge-std/src/StdJson.sol",
        "lib/forge-std/src/StdMath.sol",
        "lib/forge-std/src/StdStorage.sol",
        "lib/forge-std/src/StdStyle.sol",
        "lib/forge-std/src/StdToml.sol",
        "lib/forge-std/src/StdUtils.sol",
        "lib/forge-std/src\\Test.sol",
        "lib/forge-std/src/Vm.sol",
        "lib/forge-std/src/console.sol",
        "lib/forge-std/src/console2.sol",
        "lib/forge-std/src/interfaces/IERC165.sol",
        "lib/forge-std/src/interfaces/IERC20.sol",
        "lib/forge-std/src/interfaces/IERC721.sol",
        "lib/forge-std/src/interfaces/IMulticall3.sol",
        "lib/forge-std/src/mocks/MockERC20.sol",
        "lib/forge-std/src/mocks/MockERC721.sol",
        "lib/forge-std/src/safeconsole.sol",
        "node_modules/@openzeppelin/contracts\\access/Ownable.sol",
        "node_modules/@openzeppelin/contracts\\token/ERC20/IERC20.sol",
        "node_modules/@openzeppelin/contracts/utils/Context.sol"
      ],
      "versionRequirement": "=0.8.17",
      "artifacts": {
        "Staking": {
          "0.8.17+commit.8df45f5f.Windows.msvc": "Staking.sol\\Staking.json"
        }
      }
    },
    "src/interfaces/ISeeseaToken.sol": {
      "lastModificationDate": 1719691590693,
      "contentHash": "5d237f48450f80c86aaeed44552e06e0",
      "sourceName": "src/interfaces/ISeeseaToken.sol",
      "solcConfig": {
        "settings": {
          "optimizer": {
            "enabled": true,
            "runs": 200
          },
          "metadata": {
            "bytecodeHash": "ipfs",
            "appendCBOR": true
          },
          "outputSelection": {
            "*": {
              "": [
                "ast"
              ],
              "*": [
                "abi",
                "evm.bytecode",
                "evm.deployedBytecode",
                "evm.methodIdentifiers",
                "metadata"
              ]
            }
          },
          "evmVersion": "paris",
          "libraries": {}
        }
      },
      "imports": [],
      "versionRequirement": "=0.8.17",
      "artifacts": {
        "ISeeseaToken": {
          "0.8.17+commit.8df45f5f.Windows.msvc": "ISeeseaToken.sol\\ISeeseaToken.json"
        }
      }
    },
    "src/interfaces/IUniswapV2.sol": {
      "lastModificationDate": 1719691596180,
      "contentHash": "9bb1117d14e1a53aac72f8c81eb70dff",
      "sourceName": "src/interfaces/IUniswapV2.sol",
      "solcConfig": {
        "settings": {
          "optimizer": {
            "enabled": true,
            "runs": 200
          },
          "metadata": {
            "bytecodeHash": "ipfs",
            "appendCBOR": true
          },
          "outputSelection": {
            "*": {
              "": [
                "ast"
              ],
              "*": [
                "abi",
                "evm.bytecode",
                "evm.deployedBytecode",
                "evm.methodIdentifiers",
                "metadata"
              ]
            }
          },
          "evmVersion": "paris",
          "libraries": {}
        }
      },
      "imports": [],
      "versionRequirement": "=0.8.17",
      "artifacts": {
        "IUniswapV2Factory": {
          "0.8.17+commit.8df45f5f.Windows.msvc": "IUniswapV2.sol\\IUniswapV2Factory.json"
        },
        "IUniswapV2Pair": {
          "0.8.17+commit.8df45f5f.Windows.msvc": "IUniswapV2.sol\\IUniswapV2Pair.json"
        },
        "IUniswapV2Router01": {
          "0.8.17+commit.8df45f5f.Windows.msvc": "IUniswapV2.sol\\IUniswapV2Router01.json"
        },
        "IUniswapV2Router02": {
          "0.8.17+commit.8df45f5f.Windows.msvc": "IUniswapV2.sol\\IUniswapV2Router02.json"
        }
      }
    },
    "test/SeeseaPurchase.t.sol": {
      "lastModificationDate": 1719691644168,
      "contentHash": "a1e28081babaee6a813db32de1ea7f13",
      "sourceName": "test/SeeseaPurchase.t.sol",
      "solcConfig": {
        "settings": {
          "optimizer": {
            "enabled": true,
            "runs": 200
          },
          "metadata": {
            "bytecodeHash": "ipfs",
            "appendCBOR": true
          },
          "outputSelection": {
            "*": {
              "": [
                "ast"
              ],
              "*": [
                "abi",
                "evm.bytecode",
                "evm.deployedBytecode",
                "evm.methodIdentifiers",
                "metadata"
              ]
            }
          },
          "evmVersion": "paris",
          "libraries": {}
        }
      },
      "imports": [
        "lib/forge-std/src/Base.sol",
        "lib/forge-std/src/StdAssertions.sol",
        "lib/forge-std/src/StdChains.sol",
        "lib/forge-std/src/StdCheats.sol",
        "lib/forge-std/src/StdError.sol",
        "lib/forge-std/src/StdInvariant.sol",
        "lib/forge-std/src/StdJson.sol",
        "lib/forge-std/src/StdMath.sol",
        "lib/forge-std/src/StdStorage.sol",
        "lib/forge-std/src/StdStyle.sol",
        "lib/forge-std/src/StdToml.sol",
        "lib/forge-std/src/StdUtils.sol",
        "lib/forge-std/src\\Test.sol",
        "lib/forge-std/src/Vm.sol",
        "lib/forge-std/src/console.sol",
        "lib/forge-std/src/console2.sol",
        "lib/forge-std/src/interfaces/IERC165.sol",
        "lib/forge-std/src/interfaces/IERC20.sol",
        "lib/forge-std/src/interfaces/IERC721.sol",
        "lib/forge-std/src/interfaces/IMulticall3.sol",
        "lib/forge-std/src/mocks/MockERC20.sol",
        "lib/forge-std/src/mocks/MockERC721.sol",
        "lib/forge-std/src/safeconsole.sol",
        "node_modules/@chainlink/contracts/src\\v0.8/shared/interfaces/AggregatorV3Interface.sol",
        "node_modules/@openzeppelin/contracts\\access/Ownable.sol",
        "node_modules/@openzeppelin/contracts/security/Pausable.sol",
        "node_modules/@openzeppelin/contracts\\token/ERC20/ERC20.sol",
        "node_modules/@openzeppelin/contracts\\token/ERC20/IERC20.sol",
        "node_modules/@openzeppelin/contracts\\token/ERC20/extensions/ERC20Burnable.sol",
        "node_modules/@openzeppelin/contracts\\token/ERC20/extensions/ERC20Pausable.sol",
        "node_modules/@openzeppelin/contracts/token/ERC20/extensions/IERC20Metadata.sol",
        "node_modules/@openzeppelin/contracts/token/ERC20/extensions/draft-IERC20Permit.sol",
        "node_modules/@openzeppelin/contracts\\token/ERC20/utils/SafeERC20.sol",
        "node_modules/@openzeppelin/contracts/utils/Address.sol",
        "node_modules/@openzeppelin/contracts/utils/Context.sol",
        "src\\SeeseaPurchaseToken.sol",
        "src\\SeeseaToken.sol",
        "src\\interfaces\\IUniswapV2.sol",
        "test\\mocks\\DummyERC20.sol"
      ],
      "versionRequirement": "=0.8.17",
      "artifacts": {
        "SeeseaPurchaseTest": {
          "0.8.17+commit.8df45f5f.Windows.msvc": "SeeseaPurchase.t.sol\\SeeseaPurchaseTest.json"
        }
      }
    },
    "test/SeeseaToken.t.sol": {
      "lastModificationDate": 1719691577086,
      "contentHash": "929bd42a6ef0fb069fd8df747239aef9",
      "sourceName": "test/SeeseaToken.t.sol",
      "solcConfig": {
        "settings": {
          "optimizer": {
            "enabled": true,
            "runs": 200
          },
          "metadata": {
            "bytecodeHash": "ipfs",
            "appendCBOR": true
          },
          "outputSelection": {
            "*": {
              "": [
                "ast"
              ],
              "*": [
                "abi",
                "evm.bytecode",
                "evm.deployedBytecode",
                "evm.methodIdentifiers",
                "metadata"
              ]
            }
          },
          "evmVersion": "paris",
          "libraries": {}
        }
      },
      "imports": [
        "lib/forge-std/src/Base.sol",
        "lib/forge-std/src/StdAssertions.sol",
        "lib/forge-std/src/StdChains.sol",
        "lib/forge-std/src/StdCheats.sol",
        "lib/forge-std/src/StdError.sol",
        "lib/forge-std/src/StdInvariant.sol",
        "lib/forge-std/src/StdJson.sol",
        "lib/forge-std/src/StdMath.sol",
        "lib/forge-std/src/StdStorage.sol",
        "lib/forge-std/src/StdStyle.sol",
        "lib/forge-std/src/StdToml.sol",
        "lib/forge-std/src/StdUtils.sol",
        "lib/forge-std/src\\Test.sol",
        "lib/forge-std/src/Vm.sol",
        "lib/forge-std/src/console.sol",
        "lib/forge-std/src/console2.sol",
        "lib/forge-std/src/interfaces/IERC165.sol",
        "lib/forge-std/src/interfaces/IERC20.sol",
        "lib/forge-std/src/interfaces/IERC721.sol",
        "lib/forge-std/src/interfaces/IMulticall3.sol",
        "lib/forge-std/src/mocks/MockERC20.sol",
        "lib/forge-std/src/mocks/MockERC721.sol",
        "lib/forge-std/src/safeconsole.sol",
        "node_modules/@openzeppelin/contracts\\access/Ownable.sol",
        "node_modules/@openzeppelin/contracts/security/Pausable.sol",
        "node_modules/@openzeppelin/contracts\\token/ERC20/ERC20.sol",
        "node_modules/@openzeppelin/contracts\\token/ERC20/IERC20.sol",
        "node_modules/@openzeppelin/contracts\\token/ERC20/extensions/ERC20Pausable.sol",
        "node_modules/@openzeppelin/contracts/token/ERC20/extensions/IERC20Metadata.sol",
        "node_modules/@openzeppelin/contracts/utils/Context.sol",
        "src\\SeeseaToken.sol",
        "src\\interfaces\\IUniswapV2.sol"
      ],
      "versionRequirement": "=0.8.17",
      "artifacts": {
        "SeeseaTokenTest": {
          "0.8.17+commit.8df45f5f.Windows.msvc": "SeeseaToken.t.sol\\SeeseaTokenTest.json"
        }
      }
    },
    "test/Staking.t.sol": {
      "lastModificationDate": 1719691581361,
      "contentHash": "a3b1dc6eee03c52f8d380dbbedff7a41",
      "sourceName": "test/Staking.t.sol",
      "solcConfig": {
        "settings": {
          "optimizer": {
            "enabled": true,
            "runs": 200
          },
          "metadata": {
            "bytecodeHash": "ipfs",
            "appendCBOR": true
          },
          "outputSelection": {
            "*": {
              "": [
                "ast"
              ],
              "*": [
                "abi",
                "evm.bytecode",
                "evm.deployedBytecode",
                "evm.methodIdentifiers",
                "metadata"
              ]
            }
          },
          "evmVersion": "paris",
          "libraries": {}
        }
      },
      "imports": [
        "lib/forge-std/src/Base.sol",
        "lib/forge-std/src/StdAssertions.sol",
        "lib/forge-std/src/StdChains.sol",
        "lib/forge-std/src/StdCheats.sol",
        "lib/forge-std/src/StdError.sol",
        "lib/forge-std/src/StdInvariant.sol",
        "lib/forge-std/src/StdJson.sol",
        "lib/forge-std/src/StdMath.sol",
        "lib/forge-std/src/StdStorage.sol",
        "lib/forge-std/src/StdStyle.sol",
        "lib/forge-std/src/StdToml.sol",
        "lib/forge-std/src/StdUtils.sol",
        "lib/forge-std/src\\Test.sol",
        "lib/forge-std/src/Vm.sol",
        "lib/forge-std/src/console.sol",
        "lib/forge-std/src/console2.sol",
        "lib/forge-std/src/interfaces/IERC165.sol",
        "lib/forge-std/src/interfaces/IERC20.sol",
        "lib/forge-std/src/interfaces/IERC721.sol",
        "lib/forge-std/src/interfaces/IMulticall3.sol",
        "lib/forge-std/src/mocks/MockERC20.sol",
        "lib/forge-std/src/mocks/MockERC721.sol",
        "lib/forge-std/src/safeconsole.sol",
        "node_modules/@chainlink/contracts/src\\v0.8/shared/interfaces/AggregatorV3Interface.sol",
        "node_modules/@openzeppelin/contracts\\access/Ownable.sol",
        "node_modules/@openzeppelin/contracts/security/Pausable.sol",
        "node_modules/@openzeppelin/contracts\\token/ERC20/ERC20.sol",
        "node_modules/@openzeppelin/contracts\\token/ERC20/IERC20.sol",
        "node_modules/@openzeppelin/contracts\\token/ERC20/extensions/ERC20Burnable.sol",
        "node_modules/@openzeppelin/contracts\\token/ERC20/extensions/ERC20Pausable.sol",
        "node_modules/@openzeppelin/contracts/token/ERC20/extensions/IERC20Metadata.sol",
        "node_modules/@openzeppelin/contracts/token/ERC20/extensions/draft-IERC20Permit.sol",
        "node_modules/@openzeppelin/contracts\\token/ERC20/utils/SafeERC20.sol",
        "node_modules/@openzeppelin/contracts/utils/Address.sol",
        "node_modules/@openzeppelin/contracts/utils/Context.sol",
        "src\\SeeseaPurchaseToken.sol",
        "src\\SeeseaToken.sol",
        "src\\Staking.sol",
        "src\\interfaces\\IUniswapV2.sol",
        "test\\mocks\\DummyERC20.sol"
      ],
      "versionRequirement": "=0.8.17",
      "artifacts": {
        "StakingTest": {
          "0.8.17+commit.8df45f5f.Windows.msvc": "Staking.t.sol\\StakingTest.json"
        }
      }
    },
    "test/mocks/DummyERC20.sol": {
      "lastModificationDate": 1719691633994,
      "contentHash": "2890509951e0701b0812a681a54053d9",
      "sourceName": "test/mocks/DummyERC20.sol",
      "solcConfig": {
        "settings": {
          "optimizer": {
            "enabled": true,
            "runs": 200
          },
          "metadata": {
            "bytecodeHash": "ipfs",
            "appendCBOR": true
          },
          "outputSelection": {
            "*": {
              "": [
                "ast"
              ],
              "*": [
                "abi",
                "evm.bytecode",
                "evm.deployedBytecode",
                "evm.methodIdentifiers",
                "metadata"
              ]
            }
          },
          "evmVersion": "paris",
          "libraries": {}
        }
      },
      "imports": [
        "node_modules/@openzeppelin/contracts\\token/ERC20/ERC20.sol",
        "node_modules/@openzeppelin/contracts\\token/ERC20/IERC20.sol",
        "node_modules/@openzeppelin/contracts/token/ERC20/extensions/IERC20Metadata.sol",
        "node_modules/@openzeppelin/contracts/utils/Context.sol"
      ],
      "versionRequirement": "=0.8.17",
      "artifacts": {
        "DummyERC20": {
          "0.8.17+commit.8df45f5f.Windows.msvc": "DummyERC20.sol\\DummyERC20.json"
        }
      }
    },
    "test/mocks/MockV3Aggregator.sol": {
      "lastModificationDate": 1719691638188,
      "contentHash": "f9ba9fd27fb85e17169165e12f4916cd",
      "sourceName": "test/mocks/MockV3Aggregator.sol",
      "solcConfig": {
        "settings": {
          "optimizer": {
            "enabled": true,
            "runs": 200
          },
          "metadata": {
            "bytecodeHash": "ipfs",
            "appendCBOR": true
          },
          "outputSelection": {
            "*": {
              "": [
                "ast"
              ],
              "*": [
                "abi",
                "evm.bytecode",
                "evm.deployedBytecode",
                "evm.methodIdentifiers",
                "metadata"
              ]
            }
          },
          "evmVersion": "paris",
          "libraries": {}
        }
      },
      "imports": [],
      "versionRequirement": "=0.8.17",
      "artifacts": {
        "MockV3Aggregator": {
          "0.8.17+commit.8df45f5f.Windows.msvc": "MockV3Aggregator.sol\\MockV3Aggregator.json"
        }
      }
    }
  }
}