{
  "_format": "ethers-rs-sol-cache-3",
  "paths": {
    "artifacts": "out",
    "build_infos": "out/build-info",
    "sources": "src",
    "tests": "test",
    "scripts": "script",
    "libraries": [
      "lib"
    ]
  },
  "files": {
    "lib/forge-std/src/Base.sol": {
      "lastModificationDate": 1719068531263,
      "contentHash": "ac34dc048311bd400c5c5351e7975438",
      "sourceName": "lib/forge-std/src/Base.sol",
      "solcConfig": {
        "settings": {
          "optimizer": {
            "enabled": true,
            "runs": 200
          },
          "metadata": {
            "bytecodeHash": "ipfs",
            "appendCBOR": true
          },
          "outputSelection": {
            "*": {
              "": [
                "ast"
              ],
              "*": [
                "abi",
                "evm.bytecode",
                "evm.deployedBytecode",
                "evm.methodIdentifiers",
                "metadata"
              ]
            }
          },
          "evmVersion": "paris",
          "libraries": {}
        }
      },
      "imports": [
        "lib/forge-std/src/StdStorage.sol",
        "lib/forge-std/src/Vm.sol"
      ],
      "versionRequirement": ">=0.6.2, <0.9.0",
      "artifacts": {
        "CommonBase": {
          "0.8.20+commit.a1b79de6.Windows.msvc": "Base.sol\\CommonBase.json"
        },
        "ScriptBase": {
          "0.8.20+commit.a1b79de6.Windows.msvc": "Base.sol\\ScriptBase.json"
        },
        "TestBase": {
          "0.8.20+commit.a1b79de6.Windows.msvc": "Base.sol\\TestBase.json"
        }
      }
    },
    "lib/forge-std/src/StdAssertions.sol": {
      "lastModificationDate": 1719068531265,
      "contentHash": "b267c4cb8d5cd1c8560e4977f02cd92c",
      "sourceName": "lib/forge-std/src/StdAssertions.sol",
      "solcConfig": {
        "settings": {
          "optimizer": {
            "enabled": true,
            "runs": 200
          },
          "metadata": {
            "bytecodeHash": "ipfs",
            "appendCBOR": true
          },
          "outputSelection": {
            "*": {
              "": [
                "ast"
              ],
              "*": [
                "abi",
                "evm.bytecode",
                "evm.deployedBytecode",
                "evm.methodIdentifiers",
                "metadata"
              ]
            }
          },
          "evmVersion": "paris",
          "libraries": {}
        }
      },
      "imports": [
        "lib/forge-std/src/Vm.sol"
      ],
      "versionRequirement": ">=0.6.2, <0.9.0",
      "artifacts": {
        "StdAssertions": {
          "0.8.20+commit.a1b79de6.Windows.msvc": "StdAssertions.sol\\StdAssertions.json"
        }
      }
    },
    "lib/forge-std/src/StdChains.sol": {
      "lastModificationDate": 1719068531266,
      "contentHash": "e5d10792bfb5825553363cd33066a321",
      "sourceName": "lib/forge-std/src/StdChains.sol",
      "solcConfig": {
        "settings": {
          "optimizer": {
            "enabled": true,
            "runs": 200
          },
          "metadata": {
            "bytecodeHash": "ipfs",
            "appendCBOR": true
          },
          "outputSelection": {
            "*": {
              "": [
                "ast"
              ],
              "*": [
                "abi",
                "evm.bytecode",
                "evm.deployedBytecode",
                "evm.methodIdentifiers",
                "metadata"
              ]
            }
          },
          "evmVersion": "paris",
          "libraries": {}
        }
      },
      "imports": [
        "lib/forge-std/src/Vm.sol"
      ],
      "versionRequirement": ">=0.6.2, <0.9.0",
      "artifacts": {
        "StdChains": {
          "0.8.20+commit.a1b79de6.Windows.msvc": "StdChains.sol\\StdChains.json"
        }
      }
    },
    "lib/forge-std/src/StdCheats.sol": {
      "lastModificationDate": 1719068531267,
      "contentHash": "2ffbad9275b4543eb1a17010e9dff279",
      "sourceName": "lib/forge-std/src/StdCheats.sol",
      "solcConfig": {
        "settings": {
          "optimizer": {
            "enabled": true,
            "runs": 200
          },
          "metadata": {
            "bytecodeHash": "ipfs",
            "appendCBOR": true
          },
          "outputSelection": {
            "*": {
              "": [
                "ast"
              ],
              "*": [
                "abi",
                "evm.bytecode",
                "evm.deployedBytecode",
                "evm.methodIdentifiers",
                "metadata"
              ]
            }
          },
          "evmVersion": "paris",
          "libraries": {}
        }
      },
      "imports": [
        "lib/forge-std/src/StdStorage.sol",
        "lib/forge-std/src/Vm.sol",
        "lib/forge-std/src/console2.sol"
      ],
      "versionRequirement": ">=0.6.2, <0.9.0",
      "artifacts": {
        "StdCheats": {
          "0.8.20+commit.a1b79de6.Windows.msvc": "StdCheats.sol\\StdCheats.json"
        },
        "StdCheatsSafe": {
          "0.8.20+commit.a1b79de6.Windows.msvc": "StdCheats.sol\\StdCheatsSafe.json"
        }
      }
    },
    "lib/forge-std/src/StdError.sol": {
      "lastModificationDate": 1719068531268,
      "contentHash": "8c35ad419c5b8748575080db5fd58cae",
      "sourceName": "lib/forge-std/src/StdError.sol",
      "solcConfig": {
        "settings": {
          "optimizer": {
            "enabled": true,
            "runs": 200
          },
          "metadata": {
            "bytecodeHash": "ipfs",
            "appendCBOR": true
          },
          "outputSelection": {
            "*": {
              "": [
                "ast"
              ],
              "*": [
                "abi",
                "evm.bytecode",
                "evm.deployedBytecode",
                "evm.methodIdentifiers",
                "metadata"
              ]
            }
          },
          "evmVersion": "paris",
          "libraries": {}
        }
      },
      "imports": [],
      "versionRequirement": ">=0.6.2, <0.9.0",
      "artifacts": {
        "stdError": {
          "0.8.20+commit.a1b79de6.Windows.msvc": "StdError.sol\\stdError.json"
        }
      }
    },
    "lib/forge-std/src/StdInvariant.sol": {
      "lastModificationDate": 1719068531268,
      "contentHash": "6e55de93225624b30aefa3cfcca70448",
      "sourceName": "lib/forge-std/src/StdInvariant.sol",
      "solcConfig": {
        "settings": {
          "optimizer": {
            "enabled": true,
            "runs": 200
          },
          "metadata": {
            "bytecodeHash": "ipfs",
            "appendCBOR": true
          },
          "outputSelection": {
            "*": {
              "": [
                "ast"
              ],
              "*": [
                "abi",
                "evm.bytecode",
                "evm.deployedBytecode",
                "evm.methodIdentifiers",
                "metadata"
              ]
            }
          },
          "evmVersion": "paris",
          "libraries": {}
        }
      },
      "imports": [],
      "versionRequirement": ">=0.6.2, <0.9.0",
      "artifacts": {
        "StdInvariant": {
          "0.8.20+commit.a1b79de6.Windows.msvc": "StdInvariant.sol\\StdInvariant.json"
        }
      }
    },
    "lib/forge-std/src/StdJson.sol": {
      "lastModificationDate": 1719068531269,
      "contentHash": "07c41e5a59635467ccbd4073b6d8ab74",
      "sourceName": "lib/forge-std/src/StdJson.sol",
      "solcConfig": {
        "settings": {
          "optimizer": {
            "enabled": true,
            "runs": 200
          },
          "metadata": {
            "bytecodeHash": "ipfs",
            "appendCBOR": true
          },
          "outputSelection": {
            "*": {
              "": [
                "ast"
              ],
              "*": [
                "abi",
                "evm.bytecode",
                "evm.deployedBytecode",
                "evm.methodIdentifiers",
                "metadata"
              ]
            }
          },
          "evmVersion": "paris",
          "libraries": {}
        }
      },
      "imports": [
        "lib/forge-std/src/Vm.sol"
      ],
      "versionRequirement": ">=0.6.0, <0.9.0",
      "artifacts": {
        "stdJson": {
          "0.8.20+commit.a1b79de6.Windows.msvc": "StdJson.sol\\stdJson.json"
        }
      }
    },
    "lib/forge-std/src/StdMath.sol": {
      "lastModificationDate": 1719068531270,
      "contentHash": "fc64b149e462e64dea89f50e9cc0318f",
      "sourceName": "lib/forge-std/src/StdMath.sol",
      "solcConfig": {
        "settings": {
          "optimizer": {
            "enabled": true,
            "runs": 200
          },
          "metadata": {
            "bytecodeHash": "ipfs",
            "appendCBOR": true
          },
          "outputSelection": {
            "*": {
              "": [
                "ast"
              ],
              "*": [
                "abi",
                "evm.bytecode",
                "evm.deployedBytecode",
                "evm.methodIdentifiers",
                "metadata"
              ]
            }
          },
          "evmVersion": "paris",
          "libraries": {}
        }
      },
      "imports": [],
      "versionRequirement": ">=0.6.2, <0.9.0",
      "artifacts": {
        "stdMath": {
          "0.8.20+commit.a1b79de6.Windows.msvc": "StdMath.sol\\stdMath.json"
        }
      }
    },
    "lib/forge-std/src/StdStorage.sol": {
      "lastModificationDate": 1719068531270,
      "contentHash": "2ecf547e7bbae42e01d505e6fdfb0493",
      "sourceName": "lib/forge-std/src/StdStorage.sol",
      "solcConfig": {
        "settings": {
          "optimizer": {
            "enabled": true,
            "runs": 200
          },
          "metadata": {
            "bytecodeHash": "ipfs",
            "appendCBOR": true
          },
          "outputSelection": {
            "*": {
              "": [
                "ast"
              ],
              "*": [
                "abi",
                "evm.bytecode",
                "evm.deployedBytecode",
                "evm.methodIdentifiers",
                "metadata"
              ]
            }
          },
          "evmVersion": "paris",
          "libraries": {}
        }
      },
      "imports": [
        "lib/forge-std/src/Vm.sol"
      ],
      "versionRequirement": ">=0.6.2, <0.9.0",
      "artifacts": {
        "stdStorage": {
          "0.8.20+commit.a1b79de6.Windows.msvc": "StdStorage.sol\\stdStorage.json"
        },
        "stdStorageSafe": {
          "0.8.20+commit.a1b79de6.Windows.msvc": "StdStorage.sol\\stdStorageSafe.json"
        }
      }
    },
    "lib/forge-std/src/StdStyle.sol": {
      "lastModificationDate": 1719068531271,
      "contentHash": "f5cb431eb5bd89ef37aaf831fc099459",
      "sourceName": "lib/forge-std/src/StdStyle.sol",
      "solcConfig": {
        "settings": {
          "optimizer": {
            "enabled": true,
            "runs": 200
          },
          "metadata": {
            "bytecodeHash": "ipfs",
            "appendCBOR": true
          },
          "outputSelection": {
            "*": {
              "": [
                "ast"
              ],
              "*": [
                "abi",
                "evm.bytecode",
                "evm.deployedBytecode",
                "evm.methodIdentifiers",
                "metadata"
              ]
            }
          },
          "evmVersion": "paris",
          "libraries": {}
        }
      },
      "imports": [
        "lib/forge-std/src/Vm.sol"
      ],
      "versionRequirement": ">=0.4.22, <0.9.0",
      "artifacts": {
        "StdStyle": {
          "0.8.20+commit.a1b79de6.Windows.msvc": "StdStyle.sol\\StdStyle.json"
        }
      }
    },
    "lib/forge-std/src/StdToml.sol": {
      "lastModificationDate": 1719068531272,
      "contentHash": "2a3e5063a94d5a3a5987441e597f1cb5",
      "sourceName": "lib/forge-std/src/StdToml.sol",
      "solcConfig": {
        "settings": {
          "optimizer": {
            "enabled": true,
            "runs": 200
          },
          "metadata": {
            "bytecodeHash": "ipfs",
            "appendCBOR": true
          },
          "outputSelection": {
            "*": {
              "": [
                "ast"
              ],
              "*": [
                "abi",
                "evm.bytecode",
                "evm.deployedBytecode",
                "evm.methodIdentifiers",
                "metadata"
              ]
            }
          },
          "evmVersion": "paris",
          "libraries": {}
        }
      },
      "imports": [
        "lib/forge-std/src/Vm.sol"
      ],
      "versionRequirement": ">=0.6.0, <0.9.0",
      "artifacts": {
        "stdToml": {
          "0.8.20+commit.a1b79de6.Windows.msvc": "StdToml.sol\\stdToml.json"
        }
      }
    },
    "lib/forge-std/src/StdUtils.sol": {
      "lastModificationDate": 1719068531273,
      "contentHash": "85df92b65a5fc6a126a52ea3581f5842",
      "sourceName": "lib/forge-std/src/StdUtils.sol",
      "solcConfig": {
        "settings": {
          "optimizer": {
            "enabled": true,
            "runs": 200
          },
          "metadata": {
            "bytecodeHash": "ipfs",
            "appendCBOR": true
          },
          "outputSelection": {
            "*": {
              "": [
                "ast"
              ],
              "*": [
                "abi",
                "evm.bytecode",
                "evm.deployedBytecode",
                "evm.methodIdentifiers",
                "metadata"
              ]
            }
          },
          "evmVersion": "paris",
          "libraries": {}
        }
      },
      "imports": [
        "lib/forge-std/src/Vm.sol",
        "lib/forge-std/src/interfaces/IERC165.sol",
        "lib/forge-std/src/interfaces/IERC20.sol",
        "lib/forge-std/src/interfaces/IERC721.sol",
        "lib/forge-std/src/interfaces/IMulticall3.sol",
        "lib/forge-std/src/mocks/MockERC20.sol",
        "lib/forge-std/src/mocks/MockERC721.sol"
      ],
      "versionRequirement": ">=0.6.2, <0.9.0",
      "artifacts": {
        "StdUtils": {
          "0.8.20+commit.a1b79de6.Windows.msvc": "StdUtils.sol\\StdUtils.json"
        }
      }
    },
    "lib/forge-std/src/Test.sol": {
      "lastModificationDate": 1719068531273,
      "contentHash": "6c5f58ad7806eb9d93cf0eeb475a5c7e",
      "sourceName": "lib/forge-std/src/Test.sol",
      "solcConfig": {
        "settings": {
          "optimizer": {
            "enabled": true,
            "runs": 200
          },
          "metadata": {
            "bytecodeHash": "ipfs",
            "appendCBOR": true
          },
          "outputSelection": {
            "*": {
              "": [
                "ast"
              ],
              "*": [
                "abi",
                "evm.bytecode",
                "evm.deployedBytecode",
                "evm.methodIdentifiers",
                "metadata"
              ]
            }
          },
          "evmVersion": "paris",
          "libraries": {}
        }
      },
      "imports": [
        "lib/forge-std/src/Base.sol",
        "lib/forge-std/src/StdAssertions.sol",
        "lib/forge-std/src/StdChains.sol",
        "lib/forge-std/src/StdCheats.sol",
        "lib/forge-std/src/StdError.sol",
        "lib/forge-std/src/StdInvariant.sol",
        "lib/forge-std/src/StdJson.sol",
        "lib/forge-std/src/StdMath.sol",
        "lib/forge-std/src/StdStorage.sol",
        "lib/forge-std/src/StdStyle.sol",
        "lib/forge-std/src/StdToml.sol",
        "lib/forge-std/src/StdUtils.sol",
        "lib/forge-std/src/Vm.sol",
        "lib/forge-std/src/console.sol",
        "lib/forge-std/src/console2.sol",
        "lib/forge-std/src/interfaces/IERC165.sol",
        "lib/forge-std/src/interfaces/IERC20.sol",
        "lib/forge-std/src/interfaces/IERC721.sol",
        "lib/forge-std/src/interfaces/IMulticall3.sol",
        "lib/forge-std/src/mocks/MockERC20.sol",
        "lib/forge-std/src/mocks/MockERC721.sol",
        "lib/forge-std/src/safeconsole.sol"
      ],
      "versionRequirement": ">=0.6.2, <0.9.0",
      "artifacts": {
        "Test": {
          "0.8.20+commit.a1b79de6.Windows.msvc": "Test.sol\\Test.json"
        }
      }
    },
    "lib/forge-std/src/Vm.sol": {
      "lastModificationDate": 1719068531275,
      "contentHash": "1d617ecb416a731a8b8b68b7ad4254c9",
      "sourceName": "lib/forge-std/src/Vm.sol",
      "solcConfig": {
        "settings": {
          "optimizer": {
            "enabled": true,
            "runs": 200
          },
          "metadata": {
            "bytecodeHash": "ipfs",
            "appendCBOR": true
          },
          "outputSelection": {
            "*": {
              "": [
                "ast"
              ],
              "*": [
                "abi",
                "evm.bytecode",
                "evm.deployedBytecode",
                "evm.methodIdentifiers",
                "metadata"
              ]
            }
          },
          "evmVersion": "paris",
          "libraries": {}
        }
      },
      "imports": [],
      "versionRequirement": ">=0.6.2, <0.9.0",
      "artifacts": {
        "Vm": {
          "0.8.20+commit.a1b79de6.Windows.msvc": "Vm.sol\\Vm.json"
        },
        "VmSafe": {
          "0.8.20+commit.a1b79de6.Windows.msvc": "Vm.sol\\VmSafe.json"
        }
      }
    },
    "lib/forge-std/src/console.sol": {
      "lastModificationDate": 1719068531276,
      "contentHash": "c8cf989d04bc2e3069e3d91facf3b69c",
      "sourceName": "lib/forge-std/src/console.sol",
      "solcConfig": {
        "settings": {
          "optimizer": {
            "enabled": true,
            "runs": 200
          },
          "metadata": {
            "bytecodeHash": "ipfs",
            "appendCBOR": true
          },
          "outputSelection": {
            "*": {
              "": [
                "ast"
              ],
              "*": [
                "abi",
                "evm.bytecode",
                "evm.deployedBytecode",
                "evm.methodIdentifiers",
                "metadata"
              ]
            }
          },
          "evmVersion": "paris",
          "libraries": {}
        }
      },
      "imports": [],
      "versionRequirement": ">=0.4.22, <0.9.0",
      "artifacts": {
        "console": {
          "0.8.20+commit.a1b79de6.Windows.msvc": "console.sol\\console.json"
        }
      }
    },
    "lib/forge-std/src/console2.sol": {
      "lastModificationDate": 1719068531278,
      "contentHash": "84bf7223a45eb5be69eae69a26531306",
      "sourceName": "lib/forge-std/src/console2.sol",
      "solcConfig": {
        "settings": {
          "optimizer": {
            "enabled": true,
            "runs": 200
          },
          "metadata": {
            "bytecodeHash": "ipfs",
            "appendCBOR": true
          },
          "outputSelection": {
            "*": {
              "": [
                "ast"
              ],
              "*": [
                "abi",
                "evm.bytecode",
                "evm.deployedBytecode",
                "evm.methodIdentifiers",
                "metadata"
              ]
            }
          },
          "evmVersion": "paris",
          "libraries": {}
        }
      },
      "imports": [],
      "versionRequirement": ">=0.4.22, <0.9.0",
      "artifacts": {
        "console2": {
          "0.8.20+commit.a1b79de6.Windows.msvc": "console2.sol\\console2.json"
        }
      }
    },
    "lib/forge-std/src/interfaces/IERC165.sol": {
      "lastModificationDate": 1719068531280,
      "contentHash": "22d512f3962685b539345c7a7d4d7c15",
      "sourceName": "lib/forge-std/src/interfaces/IERC165.sol",
      "solcConfig": {
        "settings": {
          "optimizer": {
            "enabled": true,
            "runs": 200
          },
          "metadata": {
            "bytecodeHash": "ipfs",
            "appendCBOR": true
          },
          "outputSelection": {
            "*": {
              "": [
                "ast"
              ],
              "*": [
                "abi",
                "evm.bytecode",
                "evm.deployedBytecode",
                "evm.methodIdentifiers",
                "metadata"
              ]
            }
          },
          "evmVersion": "paris",
          "libraries": {}
        }
      },
      "imports": [],
      "versionRequirement": ">=0.6.2",
      "artifacts": {
        "IERC165": {
          "0.8.20+commit.a1b79de6.Windows.msvc": "IERC165.sol\\IERC165.json"
        }
      }
    },
    "lib/forge-std/src/interfaces/IERC20.sol": {
      "lastModificationDate": 1719068531281,
      "contentHash": "65a4f3fb1e1af12d4a9473bccea04898",
      "sourceName": "lib/forge-std/src/interfaces/IERC20.sol",
      "solcConfig": {
        "settings": {
          "optimizer": {
            "enabled": true,
            "runs": 200
          },
          "metadata": {
            "bytecodeHash": "ipfs",
            "appendCBOR": true
          },
          "outputSelection": {
            "*": {
              "": [
                "ast"
              ],
              "*": [
                "abi",
                "evm.bytecode",
                "evm.deployedBytecode",
                "evm.methodIdentifiers",
                "metadata"
              ]
            }
          },
          "evmVersion": "paris",
          "libraries": {}
        }
      },
      "imports": [],
      "versionRequirement": ">=0.6.2",
      "artifacts": {
        "IERC20": {
          "0.8.20+commit.a1b79de6.Windows.msvc": "IERC20.sol\\IERC20.json"
        }
      }
    },
    "lib/forge-std/src/interfaces/IERC721.sol": {
      "lastModificationDate": 1719068531282,
      "contentHash": "12e1c0694e9ba9486c4e1207c5b7face",
      "sourceName": "lib/forge-std/src/interfaces/IERC721.sol",
      "solcConfig": {
        "settings": {
          "optimizer": {
            "enabled": true,
            "runs": 200
          },
          "metadata": {
            "bytecodeHash": "ipfs",
            "appendCBOR": true
          },
          "outputSelection": {
            "*": {
              "": [
                "ast"
              ],
              "*": [
                "abi",
                "evm.bytecode",
                "evm.deployedBytecode",
                "evm.methodIdentifiers",
                "metadata"
              ]
            }
          },
          "evmVersion": "paris",
          "libraries": {}
        }
      },
      "imports": [
        "lib/forge-std/src/interfaces/IERC165.sol"
      ],
      "versionRequirement": ">=0.6.2",
      "artifacts": {
        "IERC721": {
          "0.8.20+commit.a1b79de6.Windows.msvc": "IERC721.sol\\IERC721.json"
        },
        "IERC721Enumerable": {
          "0.8.20+commit.a1b79de6.Windows.msvc": "IERC721.sol\\IERC721Enumerable.json"
        },
        "IERC721Metadata": {
          "0.8.20+commit.a1b79de6.Windows.msvc": "IERC721.sol\\IERC721Metadata.json"
        },
        "IERC721TokenReceiver": {
          "0.8.20+commit.a1b79de6.Windows.msvc": "IERC721.sol\\IERC721TokenReceiver.json"
        }
      }
    },
    "lib/forge-std/src/interfaces/IMulticall3.sol": {
      "lastModificationDate": 1719068531283,
      "contentHash": "5de707a0d82c8f56049fbd3ba28944ed",
      "sourceName": "lib/forge-std/src/interfaces/IMulticall3.sol",
      "solcConfig": {
        "settings": {
          "optimizer": {
            "enabled": true,
            "runs": 200
          },
          "metadata": {
            "bytecodeHash": "ipfs",
            "appendCBOR": true
          },
          "outputSelection": {
            "*": {
              "": [
                "ast"
              ],
              "*": [
                "abi",
                "evm.bytecode",
                "evm.deployedBytecode",
                "evm.methodIdentifiers",
                "metadata"
              ]
            }
          },
          "evmVersion": "paris",
          "libraries": {}
        }
      },
      "imports": [],
      "versionRequirement": ">=0.6.2, <0.9.0",
      "artifacts": {
        "IMulticall3": {
          "0.8.20+commit.a1b79de6.Windows.msvc": "IMulticall3.sol\\IMulticall3.json"
        }
      }
    },
    "lib/forge-std/src/mocks/MockERC20.sol": {
      "lastModificationDate": 1719068531283,
      "contentHash": "17f2f14bf2028cf7840ed155ac00bbd6",
      "sourceName": "lib/forge-std/src/mocks/MockERC20.sol",
      "solcConfig": {
        "settings": {
          "optimizer": {
            "enabled": true,
            "runs": 200
          },
          "metadata": {
            "bytecodeHash": "ipfs",
            "appendCBOR": true
          },
          "outputSelection": {
            "*": {
              "": [
                "ast"
              ],
              "*": [
                "abi",
                "evm.bytecode",
                "evm.deployedBytecode",
                "evm.methodIdentifiers",
                "metadata"
              ]
            }
          },
          "evmVersion": "paris",
          "libraries": {}
        }
      },
      "imports": [
        "lib/forge-std/src/interfaces/IERC20.sol"
      ],
      "versionRequirement": ">=0.6.2, <0.9.0",
      "artifacts": {
        "MockERC20": {
          "0.8.20+commit.a1b79de6.Windows.msvc": "MockERC20.sol\\MockERC20.json"
        }
      }
    },
    "lib/forge-std/src/mocks/MockERC721.sol": {
      "lastModificationDate": 1719068531284,
      "contentHash": "b421450283955cd90a32ec04b58768e0",
      "sourceName": "lib/forge-std/src/mocks/MockERC721.sol",
      "solcConfig": {
        "settings": {
          "optimizer": {
            "enabled": true,
            "runs": 200
          },
          "metadata": {
            "bytecodeHash": "ipfs",
            "appendCBOR": true
          },
          "outputSelection": {
            "*": {
              "": [
                "ast"
              ],
              "*": [
                "abi",
                "evm.bytecode",
                "evm.deployedBytecode",
                "evm.methodIdentifiers",
                "metadata"
              ]
            }
          },
          "evmVersion": "paris",
          "libraries": {}
        }
      },
      "imports": [
        "lib/forge-std/src/interfaces/IERC165.sol",
        "lib/forge-std/src/interfaces/IERC721.sol"
      ],
      "versionRequirement": ">=0.6.2, <0.9.0",
      "artifacts": {
        "IERC721TokenReceiver": {
          "0.8.20+commit.a1b79de6.Windows.msvc": "MockERC721.sol\\IERC721TokenReceiver.json"
        },
        "MockERC721": {
          "0.8.20+commit.a1b79de6.Windows.msvc": "MockERC721.sol\\MockERC721.json"
        }
      }
    },
    "lib/forge-std/src/safeconsole.sol": {
      "lastModificationDate": 1719068531286,
      "contentHash": "b78b3af4008494f560706b3e44286080",
      "sourceName": "lib/forge-std/src/safeconsole.sol",
      "solcConfig": {
        "settings": {
          "optimizer": {
            "enabled": true,
            "runs": 200
          },
          "metadata": {
            "bytecodeHash": "ipfs",
            "appendCBOR": true
          },
          "outputSelection": {
            "*": {
              "": [
                "ast"
              ],
              "*": [
                "abi",
                "evm.bytecode",
                "evm.deployedBytecode",
                "evm.methodIdentifiers",
                "metadata"
              ]
            }
          },
          "evmVersion": "paris",
          "libraries": {}
        }
      },
      "imports": [],
      "versionRequirement": ">=0.6.2, <0.9.0",
      "artifacts": {
        "safeconsole": {
          "0.8.20+commit.a1b79de6.Windows.msvc": "safeconsole.sol\\safeconsole.json"
        }
      }
    },
    "node_modules/@chainlink/contracts/src/v0.8/shared/interfaces/AggregatorV3Interface.sol": {
      "lastModificationDate": 1719068711073,
      "contentHash": "64a3f906dc7696aa3c9fa8454b673be7",
      "sourceName": "node_modules/@chainlink/contracts/src/v0.8/shared/interfaces/AggregatorV3Interface.sol",
      "solcConfig": {
        "settings": {
          "optimizer": {
            "enabled": true,
            "runs": 200
          },
          "metadata": {
            "bytecodeHash": "ipfs",
            "appendCBOR": true
          },
          "outputSelection": {
            "*": {
              "": [
                "ast"
              ],
              "*": [
                "abi",
                "evm.bytecode",
                "evm.deployedBytecode",
                "evm.methodIdentifiers",
                "metadata"
              ]
            }
          },
          "evmVersion": "paris",
          "libraries": {}
        }
      },
      "imports": [],
      "versionRequirement": "^0.8.0",
      "artifacts": {
        "AggregatorV3Interface": {
          "0.8.20+commit.a1b79de6.Windows.msvc": "AggregatorV3Interface.sol\\AggregatorV3Interface.json"
        }
      }
    },
    "node_modules/@openzeppelin/contracts/access/Ownable.sol": {
      "lastModificationDate": 1719067279039,
      "contentHash": "f665fc4a91af3170f86727fc49cc091f",
      "sourceName": "node_modules/@openzeppelin/contracts/access/Ownable.sol",
      "solcConfig": {
        "settings": {
          "optimizer": {
            "enabled": true,
            "runs": 200
          },
          "metadata": {
            "bytecodeHash": "ipfs",
            "appendCBOR": true
          },
          "outputSelection": {
            "*": {
              "": [
                "ast"
              ],
              "*": [
                "abi",
                "evm.bytecode",
                "evm.deployedBytecode",
                "evm.methodIdentifiers",
                "metadata"
              ]
            }
          },
          "evmVersion": "paris",
          "libraries": {}
        }
      },
      "imports": [
        "node_modules/@openzeppelin/contracts/utils/Context.sol"
      ],
      "versionRequirement": "^0.8.20",
      "artifacts": {
        "Ownable": {
          "0.8.20+commit.a1b79de6.Windows.msvc": "Ownable.sol\\Ownable.json"
        }
      }
    },
    "node_modules/@openzeppelin/contracts/interfaces/draft-IERC6093.sol": {
      "lastModificationDate": 1719067279299,
      "contentHash": "42752f4c198029b7c09ae398a316fc59",
      "sourceName": "node_modules/@openzeppelin/contracts/interfaces/draft-IERC6093.sol",
      "solcConfig": {
        "settings": {
          "optimizer": {
            "enabled": true,
            "runs": 200
          },
          "metadata": {
            "bytecodeHash": "ipfs",
            "appendCBOR": true
          },
          "outputSelection": {
            "*": {
              "": [
                "ast"
              ],
              "*": [
                "abi",
                "evm.bytecode",
                "evm.deployedBytecode",
                "evm.methodIdentifiers",
                "metadata"
              ]
            }
          },
          "evmVersion": "paris",
          "libraries": {}
        }
      },
      "imports": [],
      "versionRequirement": "^0.8.20",
      "artifacts": {
        "IERC1155Errors": {
          "0.8.20+commit.a1b79de6.Windows.msvc": "draft-IERC6093.sol\\IERC1155Errors.json"
        },
        "IERC20Errors": {
          "0.8.20+commit.a1b79de6.Windows.msvc": "draft-IERC6093.sol\\IERC20Errors.json"
        },
        "IERC721Errors": {
          "0.8.20+commit.a1b79de6.Windows.msvc": "draft-IERC6093.sol\\IERC721Errors.json"
        }
      }
    },
    "node_modules/@openzeppelin/contracts/token/ERC20/ERC20.sol": {
      "lastModificationDate": 1719067279338,
      "contentHash": "c7c4b0042caa92b10171a186c669e43a",
      "sourceName": "node_modules/@openzeppelin/contracts/token/ERC20/ERC20.sol",
      "solcConfig": {
        "settings": {
          "optimizer": {
            "enabled": true,
            "runs": 200
          },
          "metadata": {
            "bytecodeHash": "ipfs",
            "appendCBOR": true
          },
          "outputSelection": {
            "*": {
              "": [
                "ast"
              ],
              "*": [
                "abi",
                "evm.bytecode",
                "evm.deployedBytecode",
                "evm.methodIdentifiers",
                "metadata"
              ]
            }
          },
          "evmVersion": "paris",
          "libraries": {}
        }
      },
      "imports": [
        "node_modules/@openzeppelin/contracts/interfaces/draft-IERC6093.sol",
        "node_modules/@openzeppelin/contracts\\token/ERC20/IERC20.sol",
        "node_modules/@openzeppelin/contracts/token/ERC20/extensions/IERC20Metadata.sol",
        "node_modules/@openzeppelin/contracts/utils/Context.sol"
      ],
      "versionRequirement": "^0.8.20",
      "artifacts": {
        "ERC20": {
          "0.8.20+commit.a1b79de6.Windows.msvc": "ERC20.sol\\ERC20.json"
        }
      }
    },
    "node_modules/@openzeppelin/contracts/token/ERC20/IERC20.sol": {
      "lastModificationDate": 1719067279338,
      "contentHash": "a9abad21a16aa28b1b14280743bce75c",
      "sourceName": "node_modules/@openzeppelin/contracts/token/ERC20/IERC20.sol",
      "solcConfig": {
        "settings": {
          "optimizer": {
            "enabled": true,
            "runs": 200
          },
          "metadata": {
            "bytecodeHash": "ipfs",
            "appendCBOR": true
          },
          "outputSelection": {
            "*": {
              "": [
                "ast"
              ],
              "*": [
                "abi",
                "evm.bytecode",
                "evm.deployedBytecode",
                "evm.methodIdentifiers",
                "metadata"
              ]
            }
          },
          "evmVersion": "paris",
          "libraries": {}
        }
      },
      "imports": [],
      "versionRequirement": "^0.8.20",
      "artifacts": {
        "IERC20": {
          "0.8.20+commit.a1b79de6.Windows.msvc": "ERC20\\IERC20.sol\\IERC20.json"
        }
      }
    },
    "node_modules/@openzeppelin/contracts/token/ERC20/extensions/ERC20Burnable.sol": {
      "lastModificationDate": 1719067279338,
      "contentHash": "d85f9dfd2aecd1d93e70f50e1d46aaab",
      "sourceName": "node_modules/@openzeppelin/contracts/token/ERC20/extensions/ERC20Burnable.sol",
      "solcConfig": {
        "settings": {
          "optimizer": {
            "enabled": true,
            "runs": 200
          },
          "metadata": {
            "bytecodeHash": "ipfs",
            "appendCBOR": true
          },
          "outputSelection": {
            "*": {
              "": [
                "ast"
              ],
              "*": [
                "abi",
                "evm.bytecode",
                "evm.deployedBytecode",
                "evm.methodIdentifiers",
                "metadata"
              ]
            }
          },
          "evmVersion": "paris",
          "libraries": {}
        }
      },
      "imports": [
        "node_modules/@openzeppelin/contracts/interfaces/draft-IERC6093.sol",
        "node_modules/@openzeppelin/contracts\\token/ERC20/ERC20.sol",
        "node_modules/@openzeppelin/contracts\\token/ERC20/IERC20.sol",
        "node_modules/@openzeppelin/contracts/token/ERC20/extensions/IERC20Metadata.sol",
        "node_modules/@openzeppelin/contracts/utils/Context.sol"
      ],
      "versionRequirement": "^0.8.20",
      "artifacts": {
        "ERC20Burnable": {
          "0.8.20+commit.a1b79de6.Windows.msvc": "ERC20Burnable.sol\\ERC20Burnable.json"
        }
      }
    },
    "node_modules/@openzeppelin/contracts/token/ERC20/extensions/ERC20Pausable.sol": {
      "lastModificationDate": 1719067279346,
      "contentHash": "190ad22067be013b8f38bf3ba276da6e",
      "sourceName": "node_modules/@openzeppelin/contracts/token/ERC20/extensions/ERC20Pausable.sol",
      "solcConfig": {
        "settings": {
          "optimizer": {
            "enabled": true,
            "runs": 200
          },
          "metadata": {
            "bytecodeHash": "ipfs",
            "appendCBOR": true
          },
          "outputSelection": {
            "*": {
              "": [
                "ast"
              ],
              "*": [
                "abi",
                "evm.bytecode",
                "evm.deployedBytecode",
                "evm.methodIdentifiers",
                "metadata"
              ]
            }
          },
          "evmVersion": "paris",
          "libraries": {}
        }
      },
      "imports": [
        "node_modules/@openzeppelin/contracts/interfaces/draft-IERC6093.sol",
        "node_modules/@openzeppelin/contracts\\token/ERC20/ERC20.sol",
        "node_modules/@openzeppelin/contracts\\token/ERC20/IERC20.sol",
        "node_modules/@openzeppelin/contracts/token/ERC20/extensions/IERC20Metadata.sol",
        "node_modules/@openzeppelin/contracts/utils/Context.sol",
        "node_modules/@openzeppelin/contracts/utils/Pausable.sol"
      ],
      "versionRequirement": "^0.8.20",
      "artifacts": {
        "ERC20Pausable": {
          "0.8.20+commit.a1b79de6.Windows.msvc": "ERC20Pausable.sol\\ERC20Pausable.json"
        }
      }
    },
    "node_modules/@openzeppelin/contracts/token/ERC20/extensions/IERC20Metadata.sol": {
      "lastModificationDate": 1719067279354,
      "contentHash": "390b05f16136eda58b5b267e68818e48",
      "sourceName": "node_modules/@openzeppelin/contracts/token/ERC20/extensions/IERC20Metadata.sol",
      "solcConfig": {
        "settings": {
          "optimizer": {
            "enabled": true,
            "runs": 200
          },
          "metadata": {
            "bytecodeHash": "ipfs",
            "appendCBOR": true
          },
          "outputSelection": {
            "*": {
              "": [
                "ast"
              ],
              "*": [
                "abi",
                "evm.bytecode",
                "evm.deployedBytecode",
                "evm.methodIdentifiers",
                "metadata"
              ]
            }
          },
          "evmVersion": "paris",
          "libraries": {}
        }
      },
      "imports": [
        "node_modules/@openzeppelin/contracts\\token/ERC20/IERC20.sol"
      ],
      "versionRequirement": "^0.8.20",
      "artifacts": {
        "IERC20Metadata": {
          "0.8.20+commit.a1b79de6.Windows.msvc": "IERC20Metadata.sol\\IERC20Metadata.json"
        }
      }
    },
    "node_modules/@openzeppelin/contracts/token/ERC20/extensions/IERC20Permit.sol": {
      "lastModificationDate": 1719067279354,
      "contentHash": "a6fd7a3d07c201f7cdb73328f98d0648",
      "sourceName": "node_modules/@openzeppelin/contracts/token/ERC20/extensions/IERC20Permit.sol",
      "solcConfig": {
        "settings": {
          "optimizer": {
            "enabled": true,
            "runs": 200
          },
          "metadata": {
            "bytecodeHash": "ipfs",
            "appendCBOR": true
          },
          "outputSelection": {
            "*": {
              "": [
                "ast"
              ],
              "*": [
                "abi",
                "evm.bytecode",
                "evm.deployedBytecode",
                "evm.methodIdentifiers",
                "metadata"
              ]
            }
          },
          "evmVersion": "paris",
          "libraries": {}
        }
      },
      "imports": [],
      "versionRequirement": "^0.8.20",
      "artifacts": {
        "IERC20Permit": {
          "0.8.20+commit.a1b79de6.Windows.msvc": "IERC20Permit.sol\\IERC20Permit.json"
        }
      }
    },
    "node_modules/@openzeppelin/contracts/token/ERC20/utils/SafeERC20.sol": {
      "lastModificationDate": 1719067279354,
      "contentHash": "0211081e64ab95515ba4c2a7031c3c18",
      "sourceName": "node_modules/@openzeppelin/contracts/token/ERC20/utils/SafeERC20.sol",
      "solcConfig": {
        "settings": {
          "optimizer": {
            "enabled": true,
            "runs": 200
          },
          "metadata": {
            "bytecodeHash": "ipfs",
            "appendCBOR": true
          },
          "outputSelection": {
            "*": {
              "": [
                "ast"
              ],
              "*": [
                "abi",
                "evm.bytecode",
                "evm.deployedBytecode",
                "evm.methodIdentifiers",
                "metadata"
              ]
            }
          },
          "evmVersion": "paris",
          "libraries": {}
        }
      },
      "imports": [
        "node_modules/@openzeppelin/contracts\\token/ERC20/IERC20.sol",
        "node_modules/@openzeppelin/contracts/token/ERC20/extensions/IERC20Permit.sol",
        "node_modules/@openzeppelin/contracts/utils/Address.sol"
      ],
      "versionRequirement": "^0.8.20",
      "artifacts": {
        "SafeERC20": {
          "0.8.20+commit.a1b79de6.Windows.msvc": "SafeERC20.sol\\SafeERC20.json"
        }
      }
    },
    "node_modules/@openzeppelin/contracts/utils/Address.sol": {
      "lastModificationDate": 1719067279378,
      "contentHash": "410223999b735e08ccfb1aff2b6216a8",
      "sourceName": "node_modules/@openzeppelin/contracts/utils/Address.sol",
      "solcConfig": {
        "settings": {
          "optimizer": {
            "enabled": true,
            "runs": 200
          },
          "metadata": {
            "bytecodeHash": "ipfs",
            "appendCBOR": true
          },
          "outputSelection": {
            "*": {
              "": [
                "ast"
              ],
              "*": [
                "abi",
                "evm.bytecode",
                "evm.deployedBytecode",
                "evm.methodIdentifiers",
                "metadata"
              ]
            }
          },
          "evmVersion": "paris",
          "libraries": {}
        }
      },
      "imports": [],
      "versionRequirement": "^0.8.20",
      "artifacts": {
        "Address": {
          "0.8.20+commit.a1b79de6.Windows.msvc": "Address.sol\\Address.json"
        }
      }
    },
    "node_modules/@openzeppelin/contracts/utils/Context.sol": {
      "lastModificationDate": 1719067279378,
      "contentHash": "2783b901218e982baedae531a748ed8d",
      "sourceName": "node_modules/@openzeppelin/contracts/utils/Context.sol",
      "solcConfig": {
        "settings": {
          "optimizer": {
            "enabled": true,
            "runs": 200
          },
          "metadata": {
            "bytecodeHash": "ipfs",
            "appendCBOR": true
          },
          "outputSelection": {
            "*": {
              "": [
                "ast"
              ],
              "*": [
                "abi",
                "evm.bytecode",
                "evm.deployedBytecode",
                "evm.methodIdentifiers",
                "metadata"
              ]
            }
          },
          "evmVersion": "paris",
          "libraries": {}
        }
      },
      "imports": [],
      "versionRequirement": "^0.8.20",
      "artifacts": {
        "Context": {
          "0.8.20+commit.a1b79de6.Windows.msvc": "Context.sol\\Context.json"
        }
      }
    },
    "node_modules/@openzeppelin/contracts/utils/Pausable.sol": {
      "lastModificationDate": 1719067279386,
      "contentHash": "dd22f2f7ab69aaad44c22e4b3cbf16a1",
      "sourceName": "node_modules/@openzeppelin/contracts/utils/Pausable.sol",
      "solcConfig": {
        "settings": {
          "optimizer": {
            "enabled": true,
            "runs": 200
          },
          "metadata": {
            "bytecodeHash": "ipfs",
            "appendCBOR": true
          },
          "outputSelection": {
            "*": {
              "": [
                "ast"
              ],
              "*": [
                "abi",
                "evm.bytecode",
                "evm.deployedBytecode",
                "evm.methodIdentifiers",
                "metadata"
              ]
            }
          },
          "evmVersion": "paris",
          "libraries": {}
        }
      },
      "imports": [
        "node_modules/@openzeppelin/contracts/utils/Context.sol"
      ],
      "versionRequirement": "^0.8.20",
      "artifacts": {
        "Pausable": {
          "0.8.20+commit.a1b79de6.Windows.msvc": "Pausable.sol\\Pausable.json"
        }
      }
    },
    "src/SeeseaPurchaseToken.sol": {
      "lastModificationDate": 1719528523512,
      "contentHash": "dcdf1bf6656aab08d05b38815dfa1b3d",
      "sourceName": "src/SeeseaPurchaseToken.sol",
      "solcConfig": {
        "settings": {
          "optimizer": {
            "enabled": true,
            "runs": 200
          },
          "metadata": {
            "bytecodeHash": "ipfs",
            "appendCBOR": true
          },
          "outputSelection": {
            "*": {
              "": [
                "ast"
              ],
              "*": [
                "abi",
                "evm.bytecode",
                "evm.deployedBytecode",
                "evm.methodIdentifiers",
                "metadata"
              ]
            }
          },
          "evmVersion": "paris",
          "libraries": {}
        }
      },
      "imports": [
        "lib/forge-std/src/Base.sol",
        "lib/forge-std/src/StdAssertions.sol",
        "lib/forge-std/src/StdChains.sol",
        "lib/forge-std/src/StdCheats.sol",
        "lib/forge-std/src/StdError.sol",
        "lib/forge-std/src/StdInvariant.sol",
        "lib/forge-std/src/StdJson.sol",
        "lib/forge-std/src/StdMath.sol",
        "lib/forge-std/src/StdStorage.sol",
        "lib/forge-std/src/StdStyle.sol",
        "lib/forge-std/src/StdToml.sol",
        "lib/forge-std/src/StdUtils.sol",
        "lib/forge-std/src\\Test.sol",
        "lib/forge-std/src/Vm.sol",
        "lib/forge-std/src/console.sol",
        "lib/forge-std/src/console2.sol",
        "lib/forge-std/src/interfaces/IERC165.sol",
        "lib/forge-std/src/interfaces/IERC20.sol",
        "lib/forge-std/src/interfaces/IERC721.sol",
        "lib/forge-std/src/interfaces/IMulticall3.sol",
        "lib/forge-std/src/mocks/MockERC20.sol",
        "lib/forge-std/src/mocks/MockERC721.sol",
        "lib/forge-std/src/safeconsole.sol",
        "node_modules/@chainlink/contracts/src\\v0.8/shared/interfaces/AggregatorV3Interface.sol",
        "node_modules/@openzeppelin/contracts\\access/Ownable.sol",
        "node_modules/@openzeppelin/contracts/interfaces/draft-IERC6093.sol",
        "node_modules/@openzeppelin/contracts\\token/ERC20/ERC20.sol",
        "node_modules/@openzeppelin/contracts\\token/ERC20/IERC20.sol",
        "node_modules/@openzeppelin/contracts\\token/ERC20/extensions/ERC20Burnable.sol",
        "node_modules/@openzeppelin/contracts\\token/ERC20/extensions/ERC20Pausable.sol",
        "node_modules/@openzeppelin/contracts/token/ERC20/extensions/IERC20Metadata.sol",
        "node_modules/@openzeppelin/contracts/token/ERC20/extensions/IERC20Permit.sol",
        "node_modules/@openzeppelin/contracts\\token/ERC20/utils/SafeERC20.sol",
        "node_modules/@openzeppelin/contracts/utils/Address.sol",
        "node_modules/@openzeppelin/contracts/utils/Context.sol",
        "node_modules/@openzeppelin/contracts/utils/Pausable.sol",
        "src\\interfaces\\IUniswapV2.sol"
      ],
      "versionRequirement": "=0.8.20",
      "artifacts": {
        "SeeseaPurchaseToken": {
          "0.8.20+commit.a1b79de6.Windows.msvc": "SeeseaPurchaseToken.sol\\SeeseaPurchaseToken.json"
        }
      }
    },
    "src/SeeseaToken.sol": {
      "lastModificationDate": 1719519204223,
      "contentHash": "d1a35cc9374059b1e2694896aa371a55",
      "sourceName": "src/SeeseaToken.sol",
      "solcConfig": {
        "settings": {
          "optimizer": {
            "enabled": true,
            "runs": 200
          },
          "metadata": {
            "bytecodeHash": "ipfs",
            "appendCBOR": true
          },
          "outputSelection": {
            "*": {
              "": [
                "ast"
              ],
              "*": [
                "abi",
                "evm.bytecode",
                "evm.deployedBytecode",
                "evm.methodIdentifiers",
                "metadata"
              ]
            }
          },
          "evmVersion": "paris",
          "libraries": {}
        }
      },
      "imports": [
        "node_modules/@openzeppelin/contracts\\access/Ownable.sol",
        "node_modules/@openzeppelin/contracts/interfaces/draft-IERC6093.sol",
        "node_modules/@openzeppelin/contracts\\token/ERC20/ERC20.sol",
        "node_modules/@openzeppelin/contracts\\token/ERC20/IERC20.sol",
        "node_modules/@openzeppelin/contracts\\token/ERC20/extensions/ERC20Pausable.sol",
        "node_modules/@openzeppelin/contracts/token/ERC20/extensions/IERC20Metadata.sol",
        "node_modules/@openzeppelin/contracts/utils/Context.sol",
        "node_modules/@openzeppelin/contracts/utils/Pausable.sol",
        "src\\interfaces\\IUniswapV2.sol"
      ],
      "versionRequirement": "=0.8.20",
      "artifacts": {
        "SeeseaToken": {
          "0.8.20+commit.a1b79de6.Windows.msvc": "SeeseaToken.sol\\SeeseaToken.json"
        }
      }
    },
    "src/Staking.sol": {
      "lastModificationDate": 1719346068427,
      "contentHash": "bdae9a81f4e320b7abddbc765b5aca8e",
      "sourceName": "src/Staking.sol",
      "solcConfig": {
        "settings": {
          "optimizer": {
            "enabled": true,
            "runs": 200
          },
          "metadata": {
            "bytecodeHash": "ipfs",
            "appendCBOR": true
          },
          "outputSelection": {
            "*": {
              "": [
                "ast"
              ],
              "*": [
                "abi",
                "evm.bytecode",
                "evm.deployedBytecode",
                "evm.methodIdentifiers",
                "metadata"
              ]
            }
          },
          "evmVersion": "paris",
          "libraries": {}
        }
      },
      "imports": [
        "node_modules/@openzeppelin/contracts\\access/Ownable.sol",
        "node_modules/@openzeppelin/contracts\\token/ERC20/IERC20.sol",
        "node_modules/@openzeppelin/contracts/utils/Context.sol"
      ],
      "versionRequirement": "=0.8.20",
      "artifacts": {
        "StakingContract": {
          "0.8.20+commit.a1b79de6.Windows.msvc": "Staking.sol\\StakingContract.json"
        }
      }
    },
    "src/interfaces/IUniswapV2.sol": {
      "lastModificationDate": 1719269987273,
      "contentHash": "ce07148bc2d5a2a9c8571e5f3835c8d4",
      "sourceName": "src/interfaces/IUniswapV2.sol",
      "solcConfig": {
        "settings": {
          "optimizer": {
            "enabled": true,
            "runs": 200
          },
          "metadata": {
            "bytecodeHash": "ipfs",
            "appendCBOR": true
          },
          "outputSelection": {
            "*": {
              "": [
                "ast"
              ],
              "*": [
                "abi",
                "evm.bytecode",
                "evm.deployedBytecode",
                "evm.methodIdentifiers",
                "metadata"
              ]
            }
          },
          "evmVersion": "paris",
          "libraries": {}
        }
      },
      "imports": [],
      "versionRequirement": "=0.8.20",
      "artifacts": {
        "IUniswapV2Factory": {
          "0.8.20+commit.a1b79de6.Windows.msvc": "IUniswapV2.sol\\IUniswapV2Factory.json"
        },
        "IUniswapV2Pair": {
          "0.8.20+commit.a1b79de6.Windows.msvc": "IUniswapV2.sol\\IUniswapV2Pair.json"
        },
        "IUniswapV2Router01": {
          "0.8.20+commit.a1b79de6.Windows.msvc": "IUniswapV2.sol\\IUniswapV2Router01.json"
        },
        "IUniswapV2Router02": {
          "0.8.20+commit.a1b79de6.Windows.msvc": "IUniswapV2.sol\\IUniswapV2Router02.json"
        }
      }
    },
    "test/SeeseaPurchase.t.sol": {
      "lastModificationDate": 1719530415311,
      "contentHash": "25e95ca27706bbedccc9c343551b6060",
      "sourceName": "test/SeeseaPurchase.t.sol",
      "solcConfig": {
        "settings": {
          "optimizer": {
            "enabled": true,
            "runs": 200
          },
          "metadata": {
            "bytecodeHash": "ipfs",
            "appendCBOR": true
          },
          "outputSelection": {
            "*": {
              "": [
                "ast"
              ],
              "*": [
                "abi",
                "evm.bytecode",
                "evm.deployedBytecode",
                "evm.methodIdentifiers",
                "metadata"
              ]
            }
          },
          "evmVersion": "paris",
          "libraries": {}
        }
      },
      "imports": [
        "lib/forge-std/src/Base.sol",
        "lib/forge-std/src/StdAssertions.sol",
        "lib/forge-std/src/StdChains.sol",
        "lib/forge-std/src/StdCheats.sol",
        "lib/forge-std/src/StdError.sol",
        "lib/forge-std/src/StdInvariant.sol",
        "lib/forge-std/src/StdJson.sol",
        "lib/forge-std/src/StdMath.sol",
        "lib/forge-std/src/StdStorage.sol",
        "lib/forge-std/src/StdStyle.sol",
        "lib/forge-std/src/StdToml.sol",
        "lib/forge-std/src/StdUtils.sol",
        "lib/forge-std/src\\Test.sol",
        "lib/forge-std/src/Vm.sol",
        "lib/forge-std/src/console.sol",
        "lib/forge-std/src/console2.sol",
        "lib/forge-std/src/interfaces/IERC165.sol",
        "lib/forge-std/src/interfaces/IERC20.sol",
        "lib/forge-std/src/interfaces/IERC721.sol",
        "lib/forge-std/src/interfaces/IMulticall3.sol",
        "lib/forge-std/src/mocks/MockERC20.sol",
        "lib/forge-std/src/mocks/MockERC721.sol",
        "lib/forge-std/src/safeconsole.sol",
        "node_modules/@chainlink/contracts/src\\v0.8/shared/interfaces/AggregatorV3Interface.sol",
        "node_modules/@openzeppelin/contracts\\access/Ownable.sol",
        "node_modules/@openzeppelin/contracts/interfaces/draft-IERC6093.sol",
        "node_modules/@openzeppelin/contracts\\token/ERC20/ERC20.sol",
        "node_modules/@openzeppelin/contracts\\token/ERC20/IERC20.sol",
        "node_modules/@openzeppelin/contracts\\token/ERC20/extensions/ERC20Burnable.sol",
        "node_modules/@openzeppelin/contracts\\token/ERC20/extensions/ERC20Pausable.sol",
        "node_modules/@openzeppelin/contracts/token/ERC20/extensions/IERC20Metadata.sol",
        "node_modules/@openzeppelin/contracts/token/ERC20/extensions/IERC20Permit.sol",
        "node_modules/@openzeppelin/contracts\\token/ERC20/utils/SafeERC20.sol",
        "node_modules/@openzeppelin/contracts/utils/Address.sol",
        "node_modules/@openzeppelin/contracts/utils/Context.sol",
        "node_modules/@openzeppelin/contracts/utils/Pausable.sol",
        "src\\SeeseaPurchaseToken.sol",
        "src\\SeeseaToken.sol",
        "src\\interfaces\\IUniswapV2.sol",
        "test\\mocks\\DummyERC20.sol"
      ],
      "versionRequirement": "=0.8.20",
      "artifacts": {
        "SeeseaPurchaseTest": {
          "0.8.20+commit.a1b79de6.Windows.msvc": "SeeseaPurchase.t.sol\\SeeseaPurchaseTest.json"
        }
      }
    },
    "test/SeeseaToken.t.sol": {
      "lastModificationDate": 1719519437730,
      "contentHash": "663eb7690de74960dcb82ea8a8d5c3ae",
      "sourceName": "test/SeeseaToken.t.sol",
      "solcConfig": {
        "settings": {
          "optimizer": {
            "enabled": true,
            "runs": 200
          },
          "metadata": {
            "bytecodeHash": "ipfs",
            "appendCBOR": true
          },
          "outputSelection": {
            "*": {
              "": [
                "ast"
              ],
              "*": [
                "abi",
                "evm.bytecode",
                "evm.deployedBytecode",
                "evm.methodIdentifiers",
                "metadata"
              ]
            }
          },
          "evmVersion": "paris",
          "libraries": {}
        }
      },
      "imports": [
        "lib/forge-std/src/Base.sol",
        "lib/forge-std/src/StdAssertions.sol",
        "lib/forge-std/src/StdChains.sol",
        "lib/forge-std/src/StdCheats.sol",
        "lib/forge-std/src/StdError.sol",
        "lib/forge-std/src/StdInvariant.sol",
        "lib/forge-std/src/StdJson.sol",
        "lib/forge-std/src/StdMath.sol",
        "lib/forge-std/src/StdStorage.sol",
        "lib/forge-std/src/StdStyle.sol",
        "lib/forge-std/src/StdToml.sol",
        "lib/forge-std/src/StdUtils.sol",
        "lib/forge-std/src\\Test.sol",
        "lib/forge-std/src/Vm.sol",
        "lib/forge-std/src/console.sol",
        "lib/forge-std/src/console2.sol",
        "lib/forge-std/src/interfaces/IERC165.sol",
        "lib/forge-std/src/interfaces/IERC20.sol",
        "lib/forge-std/src/interfaces/IERC721.sol",
        "lib/forge-std/src/interfaces/IMulticall3.sol",
        "lib/forge-std/src/mocks/MockERC20.sol",
        "lib/forge-std/src/mocks/MockERC721.sol",
        "lib/forge-std/src/safeconsole.sol",
        "node_modules/@openzeppelin/contracts\\access/Ownable.sol",
        "node_modules/@openzeppelin/contracts/interfaces/draft-IERC6093.sol",
        "node_modules/@openzeppelin/contracts\\token/ERC20/ERC20.sol",
        "node_modules/@openzeppelin/contracts\\token/ERC20/IERC20.sol",
        "node_modules/@openzeppelin/contracts\\token/ERC20/extensions/ERC20Pausable.sol",
        "node_modules/@openzeppelin/contracts/token/ERC20/extensions/IERC20Metadata.sol",
        "node_modules/@openzeppelin/contracts/utils/Context.sol",
        "node_modules/@openzeppelin/contracts/utils/Pausable.sol",
        "src\\SeeseaToken.sol",
        "src\\interfaces\\IUniswapV2.sol"
      ],
      "versionRequirement": "=0.8.20",
      "artifacts": {
        "SeeseaTokenTest": {
          "0.8.20+commit.a1b79de6.Windows.msvc": "SeeseaToken.t.sol\\SeeseaTokenTest.json"
        }
      }
    },
    "test/Staking.t.sol": {
      "lastModificationDate": 1719259489663,
      "contentHash": "b7450f8eb5bd219b4d2a2ab120067042",
      "sourceName": "test/Staking.t.sol",
      "solcConfig": {
        "settings": {
          "optimizer": {
            "enabled": true,
            "runs": 200
          },
          "metadata": {
            "bytecodeHash": "ipfs",
            "appendCBOR": true
          },
          "outputSelection": {
            "*": {
              "": [
                "ast"
              ],
              "*": [
                "abi",
                "evm.bytecode",
                "evm.deployedBytecode",
                "evm.methodIdentifiers",
                "metadata"
              ]
            }
          },
          "evmVersion": "paris",
          "libraries": {}
        }
      },
      "imports": [],
      "versionRequirement": null,
      "artifacts": {
        "Staking.t": {
          "0.8.20+commit.a1b79de6.Windows.msvc": "Staking.t.sol\\Staking.t.json"
        }
      }
    },
    "test/mocks/DummyERC20.sol": {
      "lastModificationDate": 1719523780878,
      "contentHash": "596cd9ef0669efe7945930a82e7f015f",
      "sourceName": "test/mocks/DummyERC20.sol",
      "solcConfig": {
        "settings": {
          "optimizer": {
            "enabled": true,
            "runs": 200
          },
          "metadata": {
            "bytecodeHash": "ipfs",
            "appendCBOR": true
          },
          "outputSelection": {
            "*": {
              "": [
                "ast"
              ],
              "*": [
                "abi",
                "evm.bytecode",
                "evm.deployedBytecode",
                "evm.methodIdentifiers",
                "metadata"
              ]
            }
          },
          "evmVersion": "paris",
          "libraries": {}
        }
      },
      "imports": [
        "node_modules/@openzeppelin/contracts/interfaces/draft-IERC6093.sol",
        "node_modules/@openzeppelin/contracts\\token/ERC20/ERC20.sol",
        "node_modules/@openzeppelin/contracts\\token/ERC20/IERC20.sol",
        "node_modules/@openzeppelin/contracts/token/ERC20/extensions/IERC20Metadata.sol",
        "node_modules/@openzeppelin/contracts/utils/Context.sol"
      ],
      "versionRequirement": "=0.8.20",
      "artifacts": {
        "DummyERC20": {
          "0.8.20+commit.a1b79de6.Windows.msvc": "DummyERC20.sol\\DummyERC20.json"
        }
      }
    }
  }
}